#include "icons.h"

const uint16_t icon_usb_ok_16x16[] = {
    0x0000,0x0000,0x18C6,0x18C6,0x18C6,0x18C6,0x18C6,0x18C6,0x18C6,0x18C6,0x0000,0x0000,0x0000,0x0000,0x0000,0x0000,
    0x0000,0x0000,0x18C6,0x7DEF,0x7DEF,0x7DEF,0x7DEF,0x7DEF,0x7DEF,0x18C6,0x0000,0x0000,0x0000,0x0000,0x0000,0x0000,
    0x0000,0x0000,0x18C6,0x7DEF,0x2C63,0x7DEF,0x7DEF,0x2C63,0x7DEF,0x18C6,0x0000,0x0000,0x0000,0x0000,0x0000,0x0000,
    0x0000,0x0000,0x18C6,0x7DEF,0x7DEF,0x7DEF,0x7DEF,0x7DEF,0x7DEF,0x18C6,0x0000,0x0000,0x0000,0x0000,0x0000,0x0000,
    0x0000,0x0000,0x18C6,0x7DEF,0x7DEF,0x7DEF,0x7DEF,0x7DEF,0x7DEF,0x18C6,0x0000,0x0000,0x0000,0x0000,0x4002,0xE005,
    0x0000,0x0000,0x18C6,0x7DEF,0x95AF,0xC73F,0xB297,0x7DEF,0x7DEF,0x18C6,0x0000,0x0000,0x0000,0x4002,0x6007,0xE007,
    0x0000,0xD87C,0xD87C,0xD87C,0xA20F,0xE007,0xE007,0xEF4D,0xD87C,0xD87C,0xD87C,0x0000,0x4002,0x6007,0xE007,0xE007,
    0xD87C,0xB553,0xB553,0xB553,0xC007,0xE007,0xE007,0xC007,0x4D35,0xB553,0xB553,0xB15D,0x6007,0xE007,0xE007,0xE007,
    0xD87C,0xB553,0xB553,0xB553,0xAB2D,0xE007,0xE007,0xE007,0xC007,0x4D35,0xEF3C,0xC10F,0xE007,0xE007,0xE007,0xA004,
    0xD87C,0xB553,0xB553,0xB553,0x0000,0xC003,0xE007,0xE007,0xE007,0xE007,0xA107,0xE007,0xE007,0xE007,0xA004,0x0000,
    0xD87C,0xB553,0x0000,0xB553,0xB553,0x0000,0xAB2D,0xE007,0xE007,0xE007,0xE007,0xE007,0xE007,0xA004,0x0000,0x0000,
    0xD87C,0x0000,0x0000,0x0000,0xB553,0x0000,0xB553,0xA007,0xE007,0xE007,0xE007,0xE007,0xA004,0x0000,0x0000,0x0000,
    0xD87C,0xB553,0x0000,0xB553,0xB553,0x0000,0xB553,0xC003,0xE007,0xE007,0xE007,0xA936,0x0000,0x0000,0x0000,0x0000,
    0xD87C,0xB553,0xB553,0x0000,0xB553,0x0000,0x0000,0xB553,0xB553,0xB553,0xB553,0xD87C,0x0000,0x0000,0x0000,0x0000,
    0xD87C,0xB553,0xB553,0xB553,0x0000,0x0000,0xB553,0xB553,0xB553,0xB553,0xB553,0xD87C,0x0000,0x0000,0x0000,0x0000,
    0xD87C,0xB553,0xB553,0xB553,0xB553,0x0000,0xB553,0xB553,0xB553,0xB553,0xB553,0xD87C,0x0000,0x0000,0x0000,0x0000,
};

const uint16_t icon_usb_warn_16x16[] = {
    0x0000,0x0000,0x18C6,0x18C6,0x18C6,0x18C6,0x18C6,0x18C6,0x18C6,0x18C6,0x0000,0x0000,0x0000,0x41FE,0x41FE,0x0000,
    0x0000,0x0000,0x18C6,0x7DEF,0x7DEF,0x7DEF,0x7DEF,0x7DEF,0x7DEF,0x18C6,0x0000,0x0000,0x41FE,0x41FE,0x41FE,0x41FE,
    0x0000,0x0000,0x18C6,0x7DEF,0x2C63,0x7DEF,0x7DEF,0x2C63,0x7DEF,0x18C6,0x0000,0x0000,0x41FE,0x41FE,0x41FE,0x41FE,
    0x0000,0x0000,0x18C6,0x7DEF,0x7DEF,0x7DEF,0x7DEF,0x7DEF,0x7DEF,0x18C6,0x0000,0x0000,0x41FE,0x41FE,0x41FE,0x41FE,
    0x0000,0x0000,0x18C6,0x7DEF,0x7DEF,0x7DEF,0x7DEF,0x7DEF,0x7DEF,0x18C6,0x0000,0x0000,0x41FE,0x41FE,0x41FE,0x41FE,
    0x0000,0x0000,0x18C6,0x7DEF,0x7DEF,0x7DEF,0x7DEF,0x7DEF,0x7DEF,0x18C6,0x0000,0x0000,0x41FE,0x41FE,0x41FE,0x41FE,
    0x0000,0xD87C,0xD87C,0xD87C,0xD87C,0xD87C,0xD87C,0xD87C,0xD87C,0xD87C,0xD87C,0x0000,0x41FE,0x41FE,0x41FE,0x41FE,
    0xD87C,0xB553,0xB553,0xB553,0xB553,0xB553,0xB553,0xB553,0xB553,0xB553,0xB553,0x6819,0x41FE,0x41FE,0x41FE,0x41FE,
    0xD87C,0xB553,0xB553,0xB553,0xB553,0x0000,0xB553,0xB553,0xB553,0xB553,0xB553,0x6819,0x41FE,0x41FE,0x41FE,0x41FE,
    0xD87C,0xB553,0xB553,0xB553,0x0000,0x0000,0x0000,0xB553,0xB553,0xB553,0xB553,0x6819,0x41FE,0x41FE,0x41FE,0x41FE,
    0xD87C,0xB553,0x0000,0xB553,0xB553,0x0000,0xB553,0x0000,0x0000,0xB553,0xB553,0x6819,0x0000,0x41FE,0x41FE,0x0000,
    0xD87C,0x0000,0x0000,0x0000,0xB553,0x0000,0xB553,0x0000,0x0000,0xB553,0xB553,0x6819,0x0000,0x0000,0x0000,0x0000,
    0xD87C,0xB553,0x0000,0xB553,0xB553,0x0000,0xB553,0x0000,0xB553,0xB553,0xB553,0x6819,0x0000,0x41FE,0x41FE,0x0000,
    0xD87C,0xB553,0xB553,0x0000,0xB553,0x0000,0x0000,0xB553,0xB553,0xB553,0xB553,0x6819,0x41FE,0x41FE,0x41FE,0x41FE,
    0xD87C,0xB553,0xB553,0xB553,0x0000,0x0000,0xB553,0xB553,0xB553,0xB553,0xB553,0x6819,0x41FE,0x41FE,0x41FE,0x41FE,
    0xD87C,0xB553,0xB553,0xB553,0xB553,0x0000,0xB553,0xB553,0xB553,0xB553,0xB553,0x6819,0x0000,0x41FE,0x41FE,0x0000,
};

const uint16_t icon_usb_err_16x16[] = {
    0x0000,0x0000,0x18C6,0x18C6,0xB2CC,0x29E2,0x31D4,0x18C6,0x18C6,0x18C6,0x0000,0x0000,0x4108,0x4140,0xC4D8,0x8288,
    0x0000,0x0000,0x18C6,0x7DEF,0x66E9,0xE4E8,0x05E9,0xF4EC,0x7DEF,0x18C6,0x0000,0x0000,0x4140,0xC4D8,0xC4D8,0xC4D8,
    0x0000,0x0000,0x18C6,0x7DEF,0xE4E8,0xE4E8,0xE4E8,0xE4E8,0xF4EC,0x18C6,0x0000,0x4148,0xC4D8,0xE4E8,0xE4E8,0xE4E8,
    0x0000,0x0000,0x18C6,0x7DEF,0x51EC,0xE4E8,0xE4E8,0xE4E8,0x05E9,0x31D4,0x6270,0xC4E0,0xE4E8,0xE4E8,0xE4E8,0x8288,
    0x0000,0x0000,0x18C6,0x7DEF,0x7DEF,0x51EC,0xE4E8,0xE4E8,0xE4E8,0xE4E8,0xE4E8,0xE4E8,0xE4E8,0xE4E8,0x8288,0x0000,
    0x0000,0x0000,0x18C6,0x7DEF,0x7DEF,0x7DEF,0x51EC,0xE4E8,0xE4E8,0xE4E8,0xE4E8,0xE4E8,0xE4E8,0xC3C0,0x0000,0x0000,
    0x0000,0xD87C,0xD87C,0xD87C,0xD87C,0xD87C,0xD87C,0x4CC2,0xE4E8,0xE4E8,0xE4E8,0xE4E8,0xC4D0,0x0000,0x0000,0x0000,
    0xD87C,0xB553,0xB553,0xB553,0xB553,0xB553,0xF07A,0x05E1,0xE4E8,0xE4E8,0xE4E8,0xE4E8,0xE4E8,0xC4C8,0x4158,0x0000,
    0xD87C,0xB553,0xB553,0xB553,0xB553,0x4140,0x05E1,0xE4E8,0xE4E8,0xE4E8,0xE4E8,0xE4E8,0xE4E8,0xE4E8,0xC4E0,0x4158,
    0xD87C,0xB553,0xB553,0xB553,0x4140,0xC4D8,0xE4E8,0xE4E8,0xE4E8,0x0BAA,0xB553,0x6CC2,0xE4E8,0xE4E8,0xE4E8,0xC4E0,
    0xD87C,0xB553,0x0000,0xB553,0x46D9,0xE4E8,0xE4E8,0xE4E8,0x8288,0xB553,0xB553,0xD87C,0x6268,0xE4E8,0xE4E8,0xE4E8,
    0xD87C,0x0000,0x0000,0x0000,0x6D9A,0xE4E8,0xE4E8,0x8288,0x0000,0xB553,0xB553,0xD87C,0x0000,0x6268,0xE4E8,0x8288,
    0xD87C,0xB553,0x0000,0xB553,0xB553,0x0000,0xB553,0x0000,0xB553,0xB553,0xB553,0xD87C,0x0000,0x0000,0x0000,0x0000,
    0xD87C,0xB553,0xB553,0x0000,0xB553,0x0000,0x0000,0xB553,0xB553,0xB553,0xB553,0xD87C,0x0000,0x0000,0x0000,0x0000,
    0xD87C,0xB553,0xB553,0xB553,0x0000,0x0000,0xB553,0xB553,0xB553,0xB553,0xB553,0xD87C,0x0000,0x0000,0x0000,0x0000,
    0xD87C,0xB553,0xB553,0xB553,0xB553,0x0000,0xB553,0xB553,0xB553,0xB553,0xB553,0xD87C,0x0000,0x0000,0x0000,0x0000,
};

const uint16_t icon_sat_lock_16x16[] = {
    0x0000,0x0000,0x0000,0x0000,0x0000,0x0000,0x0000,0x0000,0x0000,0x8925,0x0000,0x0000,0x0000,0x0000,0x0000,0x0000,
    0x0000,0x0000,0x0000,0x0000,0x0000,0x0000,0x0000,0x0000,0x8925,0x0000,0x8925,0x0000,0x8925,0x0000,0x0000,0x0000,
    0x0000,0x8925,0x8925,0x8925,0x0000,0x0000,0x0000,0x0000,0x0000,0x8925,0x0000,0x8925,0x8925,0x8925,0x0000,0x0000,
    0x0000,0x0000,0x0000,0x0000,0x8925,0x0000,0x0000,0x0000,0x0000,0x0000,0x8925,0x8925,0x8925,0x8925,0x8925,0x0000,
    0x0000,0x8925,0x8925,0x0000,0x0000,0x8925,0x0000,0x0000,0x0000,0x0000,0x8925,0x8925,0x8925,0x8925,0x0000,0x0000,
    0x0000,0x0000,0x0000,0x8925,0x0000,0x0000,0x8925,0x0000,0x8925,0x8925,0x8925,0x8925,0x8925,0x0000,0x8925,0x0000,
    0x0000,0x8925,0x8925,0x0000,0x8925,0x0000,0x8925,0x0000,0x0000,0x8925,0x8925,0x0000,0x0000,0x8925,0x0000,0x8925,
    0x0000,0x8925,0x8925,0x0000,0x8925,0x0000,0x8925,0x0000,0x0000,0x0000,0x8925,0x0000,0x0000,0x0000,0x8925,0x0000,
    0x0000,0x0000,0x0000,0x0000,0x0000,0x0000,0x0000,0x0000,0x0000,0x0000,0x0000,0x0000,0x0000,0x0000,0x0000,0x0000,
    0x0000,0xFFFF,0xFFFF,0xFFFF,0x0000,0x0000,0xFFFF,0xFFFF,0xFFFF,0x0000,0x0000,0xFFFF,0xFFFF,0xFFFF,0xFFFF,0xFFFF,
    0xFFFF,0x0000,0x0000,0x0000,0x0000,0xFFFF,0x0000,0x0000,0x0000,0xFFFF,0x0000,0x0000,0x0000,0xFFFF,0x0000,0x0000,
    0xFFFF,0x0000,0x0000,0x0000,0x0000,0xFFFF,0x0000,0x0000,0x0000,0xFFFF,0x0000,0x0000,0x0000,0xFFFF,0x0000,0x0000,
    0x0000,0xFFFF,0xFFFF,0x0000,0x0000,0xFFFF,0xFFFF,0xFFFF,0xFFFF,0xFFFF,0x0000,0x0000,0x0000,0xFFFF,0x0000,0x0000,
    0x0000,0x0000,0x0000,0xFFFF,0x0000,0xFFFF,0x0000,0x0000,0x0000,0xFFFF,0x0000,0x0000,0x0000,0xFFFF,0x0000,0x0000,
    0x0000,0x0000,0x0000,0xFFFF,0x0000,0xFFFF,0x0000,0x0000,0x0000,0xFFFF,0x0000,0x0000,0x0000,0xFFFF,0x0000,0x0000,
    0xFFFF,0xFFFF,0xFFFF,0x0000,0x0000,0xFFFF,0x0000,0x0000,0x0000,0xFFFF,0x0000,0x0000,0x0000,0xFFFF,0x0000,0x0000,
};

const uint16_t icon_sat_nolock_16x16[] = {
    0x0000,0x00F8,0x0000,0x0000,0x0000,0x00F8,0x0000,0x0000,0x0000,0x1084,0x0000,0x0000,0x0000,0x0000,0x0000,0x0000,
    0x00F8,0x00F8,0x00F8,0x0000,0x00F8,0x00F8,0x00F8,0x0000,0x1084,0x0000,0x1084,0x0000,0x1084,0x0000,0x0000,0x0000,
    0x0000,0x00F8,0x00F8,0x00F8,0x00F8,0x00F8,0x0000,0x0000,0x0000,0x1084,0x0000,0x1084,0x1084,0x1084,0x0000,0x0000,
    0x0000,0x0000,0x00F8,0x00F8,0x00F8,0x0000,0x0000,0x0000,0x0000,0x0000,0x1084,0x1084,0x1084,0x1084,0x1084,0x0000,
    0x0000,0x00F8,0x00F8,0x00F8,0x00F8,0x00F8,0x0000,0x0000,0x0000,0x0000,0x1084,0x1084,0x1084,0x1084,0x0000,0x0000,
    0x00F8,0x00F8,0x00F8,0x0000,0x00F8,0x00F8,0x00F8,0x0000,0x1084,0x1084,0x1084,0x1084,0x1084,0x0000,0x1084,0x0000,
    0x0000,0x00F8,0x0000,0x0000,0x0000,0x00F8,0x0000,0x0000,0x0000,0x1084,0x1084,0x0000,0x0000,0x1084,0x0000,0x1084,
    0x0000,0x0000,0x0000,0x0000,0x0000,0x0000,0x0000,0x0000,0x0000,0x0000,0x1084,0x0000,0x0000,0x0000,0x1084,0x0000,
    0x0000,0x0000,0x0000,0x0000,0x0000,0x0000,0x0000,0x0000,0x0000,0x0000,0x0000,0x0000,0x0000,0x0000,0x0000,0x0000,
    0x0000,0xB294,0xB294,0xB294,0x0000,0x0000,0xB294,0xB294,0xB294,0x0000,0x0000,0xB294,0xB294,0xB294,0xB294,0xB294,
    0xB294,0x0000,0x0000,0x0000,0x0000,0xB294,0x0000,0x0000,0x0000,0xB294,0x0000,0x0000,0x0000,0xB294,0x0000,0x0000,
    0xB294,0x0000,0x0000,0x0000,0x0000,0xB294,0x0000,0x0000,0x0000,0xB294,0x0000,0x0000,0x0000,0xB294,0x0000,0x0000,
    0x0000,0xB294,0xB294,0x0000,0x0000,0xB294,0xB294,0xB294,0xB294,0xB294,0x0000,0x0000,0x0000,0xB294,0x0000,0x0000,
    0x0000,0x0000,0x0000,0xB294,0x0000,0xB294,0x0000,0x0000,0x0000,0xB294,0x0000,0x0000,0x0000,0xB294,0x0000,0x0000,
    0x0000,0x0000,0x0000,0xB294,0x0000,0xB294,0x0000,0x0000,0x0000,0xB294,0x0000,0x0000,0x0000,0xB294,0x0000,0x0000,
    0xB294,0xB294,0xB294,0x0000,0x0000,0xB294,0x0000,0x0000,0x0000,0xB294,0x0000,0x0000,0x0000,0xB294,0x0000,0x0000,
};

const uint16_t icon_ppb_good_16x16[] = {
    0x0C63,0x0000,0x0000,0x0000,0x0000,0x0000,0x0000,0x0000,0x0000,0x0000,0x0000,0x0000,0x0000,0x0000,0x0000,0x0000,
    0x0C63,0x0000,0x8925,0x8925,0x8925,0x8925,0x8925,0x8925,0x8925,0x0000,0x0000,0x0000,0x0000,0x0000,0x8925,0x8925,
    0x0C63,0x0000,0x8925,0x8925,0x8925,0x8925,0x8925,0x8925,0x8925,0x0000,0x0000,0x0000,0x0000,0x0000,0x8925,0x8925,
    0x0C63,0x0000,0x8925,0x0000,0x0000,0x0000,0x0000,0x0000,0x8925,0x0000,0x0000,0x0000,0x0000,0x0000,0x8925,0x0000,
    0x0C63,0x0C63,0x8925,0x0C63,0x0C63,0x0C63,0x0C63,0x0C63,0x8925,0x0C63,0x0C63,0x0C63,0x0C63,0x0C63,0x8925,0x0C63,
    0x0C63,0x0000,0x8925,0x0000,0x0000,0x0000,0x0000,0x0000,0x8925,0x0000,0x0000,0x0000,0x0000,0x0000,0x8925,0x0000,
    0x0C63,0x8925,0x8925,0x0000,0x0000,0x0000,0x0000,0x0000,0x8925,0x8925,0x8925,0x8925,0x8925,0x8925,0x8925,0x0000,
    0x0C63,0x8925,0x8925,0x0000,0x0000,0x0000,0x0000,0x0000,0x8925,0x8925,0x8925,0x8925,0x8925,0x8925,0x8925,0x0000,
    0x0C63,0x0000,0x0000,0x0000,0x0000,0x0000,0x0000,0x0000,0x0000,0x0000,0x0000,0x0000,0x0000,0x0000,0x0000,0x0000,
    0x0000,0xFFFF,0xFFFF,0xFFFF,0x0000,0x0000,0xFFFF,0xFFFF,0xFFFF,0x0000,0x0000,0xFFFF,0xFFFF,0xFFFF,0x0000,0x0000,
    0x0000,0xFFFF,0x0000,0x0000,0xFFFF,0x0000,0xFFFF,0x0000,0x0000,0xFFFF,0x0000,0xFFFF,0x0000,0x0000,0xFFFF,0x0000,
    0x0000,0xFFFF,0x0000,0x0000,0xFFFF,0x0000,0xFFFF,0x0000,0x0000,0xFFFF,0x0000,0xFFFF,0x0000,0x0000,0xFFFF,0x0000,
    0x0000,0xFFFF,0xFFFF,0xFFFF,0x0000,0x0000,0xFFFF,0xFFFF,0xFFFF,0x0000,0x0000,0xFFFF,0xFFFF,0xFFFF,0x0000,0x0000,
    0x0000,0xFFFF,0x0000,0x0000,0x0000,0x0000,0xFFFF,0x0000,0x0000,0x0000,0x0000,0xFFFF,0x0000,0x0000,0xFFFF,0x0000,
    0x0000,0xFFFF,0x0000,0x0000,0x0000,0x0000,0xFFFF,0x0000,0x0000,0x0000,0x0000,0xFFFF,0x0000,0x0000,0xFFFF,0x0000,
    0x0000,0xFFFF,0x0000,0x0000,0x0000,0x0000,0xFFFF,0x0000,0x0000,0x0000,0x0000,0xFFFF,0xFFFF,0xFFFF,0x0000,0x0000,
};

const uint16_t icon_ppb_avg_16x16[] = {
    0x0C63,0x0000,0x0000,0x0000,0x0000,0x0000,0x0000,0x0000,0x0000,0x0000,0x0000,0x0000,0x0000,0x0000,0x0000,0x0000,
    0x0C63,0x0000,0x41FE,0x41FE,0x41FE,0x41FE,0x41FE,0x41FE,0x41FE,0x0000,0x0000,0x0000,0x0000,0x0000,0x41FE,0x41FE,
    0x0C63,0x0000,0x41FE,0x41FE,0x41FE,0x41FE,0x41FE,0x41FE,0x41FE,0x0000,0x0000,0x0000,0x0000,0x0000,0x41FE,0x41FE,
    0x0C63,0x0000,0x41FE,0x0000,0x0000,0x0000,0x0000,0x0000,0x41FE,0x0000,0x0000,0x0000,0x0000,0x0000,0x41FE,0x0000,
    0x0C63,0x0C63,0x41FE,0x0C63,0x0C63,0x0C63,0x0C63,0x0C63,0x41FE,0x0C63,0x0C63,0x0C63,0x0C63,0x0C63,0x41FE,0x0C63,
    0x0C63,0x0000,0x41FE,0x0000,0x0000,0x0000,0x0000,0x0000,0x41FE,0x0000,0x0000,0x0000,0x0000,0x0000,0x41FE,0x0000,
    0x0C63,0x41FE,0x41FE,0x0000,0x0000,0x0000,0x0000,0x0000,0x41FE,0x41FE,0x41FE,0x41FE,0x41FE,0x41FE,0x41FE,0x0000,
    0x0C63,0x41FE,0x41FE,0x0000,0x0000,0x0000,0x0000,0x0000,0x41FE,0x41FE,0x41FE,0x41FE,0x41FE,0x41FE,0x41FE,0x0000,
    0x0C63,0x0000,0x0000,0x0000,0x0000,0x0000,0x0000,0x0000,0x0000,0x0000,0x0000,0x0000,0x0000,0x0000,0x0000,0x0000,
    0x0000,0xFFFF,0xFFFF,0xFFFF,0x0000,0x0000,0xFFFF,0xFFFF,0xFFFF,0x0000,0x0000,0xFFFF,0xFFFF,0xFFFF,0x0000,0x0000,
    0x0000,0xFFFF,0x0000,0x0000,0xFFFF,0x0000,0xFFFF,0x0000,0x0000,0xFFFF,0x0000,0xFFFF,0x0000,0x0000,0xFFFF,0x0000,
    0x0000,0xFFFF,0x0000,0x0000,0xFFFF,0x0000,0xFFFF,0x0000,0x0000,0xFFFF,0x0000,0xFFFF,0x0000,0x0000,0xFFFF,0x0000,
    0x0000,0xFFFF,0xFFFF,0xFFFF,0x0000,0x0000,0xFFFF,0xFFFF,0xFFFF,0x0000,0x0000,0xFFFF,0xFFFF,0xFFFF,0x0000,0x0000,
    0x0000,0xFFFF,0x0000,0x0000,0x0000,0x0000,0xFFFF,0x0000,0x0000,0x0000,0x0000,0xFFFF,0x0000,0x0000,0xFFFF,0x0000,
    0x0000,0xFFFF,0x0000,0x0000,0x0000,0x0000,0xFFFF,0x0000,0x0000,0x0000,0x0000,0xFFFF,0x0000,0x0000,0xFFFF,0x0000,
    0x0000,0xFFFF,0x0000,0x0000,0x0000,0x0000,0xFFFF,0x0000,0x0000,0x0000,0x0000,0xFFFF,0xFFFF,0xFFFF,0x0000,0x0000,
};

const uint16_t icon_ppb_bad_16x16[] = {
    0x0C63,0x0000,0x0000,0x0000,0x0000,0x0000,0x0000,0x0000,0x0000,0x0000,0x0000,0x0000,0x0000,0x0000,0x0000,0x0000,
    0x0C63,0x0000,0xE4E8,0xE4E8,0xE4E8,0xE4E8,0xE4E8,0xE4E8,0xE4E8,0x0000,0x0000,0x0000,0x0000,0x0000,0xE4E8,0xE4E8,
    0x0C63,0x0000,0xE4E8,0xE4E8,0xE4E8,0xE4E8,0xE4E8,0xE4E8,0xE4E8,0x0000,0x0000,0x0000,0x0000,0x0000,0xE4E8,0xE4E8,
    0x0C63,0x0000,0xE4E8,0x0000,0x0000,0x0000,0x0000,0x0000,0xE4E8,0x0000,0x0000,0x0000,0x0000,0x0000,0xE4E8,0x0000,
    0x0C63,0x0C63,0xE4E8,0x0C63,0x0C63,0x0C63,0x0C63,0x0C63,0xE4E8,0x0C63,0x0C63,0x0C63,0x0C63,0x0C63,0xE4E8,0x0C63,
    0x0C63,0x0000,0xE4E8,0x0000,0x0000,0x0000,0x0000,0x0000,0xE4E8,0x0000,0x0000,0x0000,0x0000,0x0000,0xE4E8,0x0000,
    0x0C63,0xE4E8,0xE4E8,0x0000,0x0000,0x0000,0x0000,0x0000,0xE4E8,0xE4E8,0xE4E8,0xE4E8,0xE4E8,0xE4E8,0xE4E8,0x0000,
    0x0C63,0xE4E8,0xE4E8,0x0000,0x0000,0x0000,0x0000,0x0000,0xE4E8,0xE4E8,0xE4E8,0xE4E8,0xE4E8,0xE4E8,0xE4E8,0x0000,
    0x0C63,0x0000,0x0000,0x0000,0x0000,0x0000,0x0000,0x0000,0x0000,0x0000,0x0000,0x0000,0x0000,0x0000,0x0000,0x0000,
    0x0000,0xFFFF,0xFFFF,0xFFFF,0x0000,0x0000,0xFFFF,0xFFFF,0xFFFF,0x0000,0x0000,0xFFFF,0xFFFF,0xFFFF,0x0000,0x0000,
    0x0000,0xFFFF,0x0000,0x0000,0xFFFF,0x0000,0xFFFF,0x0000,0x0000,0xFFFF,0x0000,0xFFFF,0x0000,0x0000,0xFFFF,0x0000,
    0x0000,0xFFFF,0x0000,0x0000,0xFFFF,0x0000,0xFFFF,0x0000,0x0000,0xFFFF,0x0000,0xFFFF,0x0000,0x0000,0xFFFF,0x0000,
    0x0000,0xFFFF,0xFFFF,0xFFFF,0x0000,0x0000,0xFFFF,0xFFFF,0xFFFF,0x0000,0x0000,0xFFFF,0xFFFF,0xFFFF,0x0000,0x0000,
    0x0000,0xFFFF,0x0000,0x0000,0x0000,0x0000,0xFFFF,0x0000,0x0000,0x0000,0x0000,0xFFFF,0x0000,0x0000,0xFFFF,0x0000,
    0x0000,0xFFFF,0x0000,0x0000,0x0000,0x0000,0xFFFF,0x0000,0x0000,0x0000,0x0000,0xFFFF,0x0000,0x0000,0xFFFF,0x0000,
    0x0000,0xFFFF,0x0000,0x0000,0x0000,0x0000,0xFFFF,0x0000,0x0000,0x0000,0x0000,0xFFFF,0xFFFF,0xFFFF,0x0000,0x0000,
};

const uint16_t icon_menu_14x16[] = {
    0x0000,0x0000,0x0000,0x0000,0x0000,0x0000,0x0000,0x0000,0x0000,0x0000,0x0000,0x0000,0x0000,0x0000,
    0x0000,0x0000,0x0000,0x0000,0x0000,0x0000,0x0000,0x0000,0x0000,0x0000,0x0000,0x0000,0x0000,0x0000,
    0x0000,0x0000,0x0000,0x0000,0x0000,0x0000,0x0000,0x0000,0x0000,0x0000,0x0000,0x0000,0x0000,0x0000,
    0x0000,0x0000,0xFFFF,0xFFFF,0x0000,0xFFFF,0xFFFF,0xFFFF,0xFFFF,0xFFFF,0xFFFF,0xFFFF,0x0000,0x0000,
    0x0000,0x0000,0xFFFF,0xFFFF,0x0000,0xFFFF,0xFFFF,0xFFFF,0xFFFF,0xFFFF,0xFFFF,0xFFFF,0x0000,0x0000,
    0x0000,0x0000,0x0000,0x0000,0x0000,0x0000,0x0000,0x0000,0x0000,0x0000,0x0000,0x0000,0x0000,0x0000,
    0x0000,0x0000,0x0000,0x0000,0x0000,0x0000,0x0000,0x0000,0x0000,0x0000,0x0000,0x0000,0x0000,0x0000,
    0x0000,0x0000,0xFFFF,0xFFFF,0x0000,0xFFFF,0xFFFF,0xFFFF,0xFFFF,0xFFFF,0xFFFF,0xFFFF,0x0000,0x0000,
    0x0000,0x0000,0xFFFF,0xFFFF,0x0000,0xFFFF,0xFFFF,0xFFFF,0xFFFF,0xFFFF,0xFFFF,0xFFFF,0x0000,0x0000,
    0x0000,0x0000,0x0000,0x0000,0x0000,0x0000,0x0000,0x0000,0x0000,0x0000,0x0000,0x0000,0x0000,0x0000,
    0x0000,0x0000,0x0000,0x0000,0x0000,0x0000,0x0000,0x0000,0x0000,0x0000,0x0000,0x0000,0x0000,0x0000,
    0x0000,0x0000,0xFFFF,0xFFFF,0x0000,0xFFFF,0xFFFF,0xFFFF,0xFFFF,0xFFFF,0xFFFF,0xFFFF,0x0000,0x0000,
    0x0000,0x0000,0xFFFF,0xFFFF,0x0000,0xFFFF,0xFFFF,0xFFFF,0xFFFF,0xFFFF,0xFFFF,0xFFFF,0x0000,0x0000,
    0x0000,0x0000,0x0000,0x0000,0x0000,0x0000,0x0000,0x0000,0x0000,0x0000,0x0000,0x0000,0x0000,0x0000,
    0x0000,0x0000,0x0000,0x0000,0x0000,0x0000,0x0000,0x0000,0x0000,0x0000,0x0000,0x0000,0x0000,0x0000,
    0x0000,0x0000,0x0000,0x0000,0x0000,0x0000,0x0000,0x0000,0x0000,0x0000,0x0000,0x0000,0x0000,0x0000,
};

const uint16_t icon_save_15x16[] = {
    0x0000,0x0000,0x0000,0x0000,0x0000,0x0000,0x0000,0x0000,0x0000,0x0000,0x0000,0x0000,0x0000,0x0000,0x0000,
    0x0000,0x0000,0x1F00,0x1F00,0x1F00,0x1F00,0x1F00,0x1F00,0x1F00,0x1F00,0x1F00,0x1F00,0x0000,0x0000,0x0000,
    0x0000,0x1F00,0xEF7B,0x1F00,0xFFFF,0xFFFF,0xFFFF,0xFFFF,0xFFFF,0xFFFF,0x1F00,0xEF7B,0x1F00,0x0000,0x0000,
    0x0000,0x1F00,0xEF7B,0x1F00,0xFFFF,0xFFFF,0xFFFF,0x1F00,0x1F00,0xFFFF,0x1F00,0xEF7B,0xEF7B,0x1F00,0x0000,
    0x0000,0x1F00,0xEF7B,0x1F00,0xFFFF,0xFFFF,0xFFFF,0x1F00,0x1F00,0xFFFF,0x1F00,0xEF7B,0xEF7B,0x1F00,0x0000,
    0x0000,0x1F00,0xEF7B,0x1F00,0xFFFF,0xFFFF,0xFFFF,0xFFFF,0xFFFF,0xFFFF,0x1F00,0xEF7B,0xEF7B,0x1F00,0x0000,
    0x0000,0x1F00,0xEF7B,0x1F00,0x1F00,0x1F00,0x1F00,0x1F00,0x1F00,0x1F00,0x1F00,0xEF7B,0xEF7B,0x1F00,0x0000,
    0x0000,0x1F00,0xEF7B,0xEF7B,0xEF7B,0xEF7B,0xEF7B,0xEF7B,0xEF7B,0xEF7B,0xEF7B,0xEF7B,0xEF7B,0x1F00,0x0000,
    0x0000,0x1F00,0xEF7B,0xEF7B,0xEF7B,0xEF7B,0xEF7B,0xEF7B,0xEF7B,0xEF7B,0xEF7B,0xEF7B,0xEF7B,0x1F00,0x0000,
    0x0000,0x1F00,0xEF7B,0x18C6,0x18C6,0x18C6,0x18C6,0x18C6,0x18C6,0x18C6,0x18C6,0x18C6,0xEF7B,0x1F00,0x0000,
    0x0000,0x1F00,0xEF7B,0x18C6,0x0000,0x0000,0x0000,0x0000,0x0000,0x0000,0x0000,0x18C6,0xEF7B,0x1F00,0x0000,
    0x0000,0x1F00,0xEF7B,0x18C6,0x18C6,0x18C6,0x18C6,0x18C6,0x18C6,0x18C6,0x18C6,0x18C6,0xEF7B,0x1F00,0x0000,
    0x0000,0x1F00,0xEF7B,0x18C6,0x0000,0x0000,0x0000,0x0000,0x0000,0x0000,0x0000,0x18C6,0xEF7B,0x1F00,0x0000,
    0x0000,0x1F00,0xEF7B,0x18C6,0x18C6,0x18C6,0x18C6,0x18C6,0x18C6,0x18C6,0x18C6,0x18C6,0xEF7B,0x1F00,0x0000,
    0x0000,0x0000,0x1F00,0x1F00,0x1F00,0x1F00,0x1F00,0x1F00,0x1F00,0x1F00,0x1F00,0x1F00,0x1F00,0x0000,0x0000,
    0x0000,0x0000,0x0000,0x0000,0x0000,0x0000,0x0000,0x0000,0x0000,0x0000,0x0000,0x0000,0x0000,0x0000,0x0000,
};

const uint16_t icon_save_inactive_15x16[] = {
    0x0000,0x0000,0x0000,0x0000,0x0000,0x0000,0x0000,0x0000,0x0000,0x0000,0x0000,0x0000,0x0000,0x0000,0x0000,
    0x0000,0x0000,0xCF7B,0xCF7B,0xCF7B,0xCF7B,0xCF7B,0xCF7B,0xCF7B,0xCF7B,0xCF7B,0xCF7B,0x0000,0x0000,0x0000,
    0x0000,0xCF7B,0x75AD,0x1CE7,0x1CE7,0x1CE7,0x1CE7,0x1CE7,0x1CE7,0x1CE7,0x1CE7,0x75AD,0xCF7B,0x0000,0x0000,
    0x0000,0xCF7B,0x75AD,0x1CE7,0x1CE7,0x1CE7,0x1CE7,0x75AD,0x75AD,0x1CE7,0x1CE7,0x75AD,0x75AD,0xCF7B,0x0000,
    0x0000,0xCF7B,0x75AD,0x1CE7,0x1CE7,0x1CE7,0x1CE7,0x75AD,0x75AD,0x1CE7,0x1CE7,0x75AD,0x75AD,0xCF7B,0x0000,
    0x0000,0xCF7B,0x75AD,0x1CE7,0x1CE7,0x1CE7,0x1CE7,0x1CE7,0x1CE7,0x1CE7,0x1CE7,0x75AD,0x75AD,0xCF7B,0x0000,
    0x0000,0xCF7B,0x75AD,0x1CE7,0x1CE7,0x1CE7,0x1CE7,0x1CE7,0x1CE7,0x1CE7,0x1CE7,0x75AD,0x75AD,0xCF7B,0x0000,
    0x0000,0xCF7B,0x75AD,0x75AD,0x75AD,0x75AD,0x75AD,0x75AD,0x75AD,0x75AD,0x75AD,0x75AD,0x75AD,0xCF7B,0x0000,
    0x0000,0xCF7B,0x75AD,0x75AD,0x75AD,0x75AD,0x75AD,0x75AD,0x75AD,0x75AD,0x75AD,0x75AD,0x75AD,0xCF7B,0x0000,
    0x0000,0xCF7B,0x75AD,0x1CE7,0x1CE7,0x1CE7,0x1CE7,0x1CE7,0x1CE7,0x1CE7,0x1CE7,0x1CE7,0x75AD,0xCF7B,0x0000,
    0x0000,0xCF7B,0x75AD,0x1CE7,0x75AD,0x75AD,0x75AD,0x75AD,0x75AD,0x75AD,0x75AD,0x1CE7,0x75AD,0xCF7B,0x0000,
    0x0000,0xCF7B,0x75AD,0x1CE7,0x1CE7,0x1CE7,0x1CE7,0x1CE7,0x1CE7,0x1CE7,0x1CE7,0x1CE7,0x75AD,0xCF7B,0x0000,
    0x0000,0xCF7B,0x75AD,0x1CE7,0x75AD,0x75AD,0x75AD,0x75AD,0x75AD,0x75AD,0x75AD,0x1CE7,0x75AD,0xCF7B,0x0000,
    0x0000,0xCF7B,0x75AD,0x1CE7,0x1CE7,0x1CE7,0x1CE7,0x1CE7,0x1CE7,0x1CE7,0x1CE7,0x1CE7,0x75AD,0xCF7B,0x0000,
    0x0000,0x0000,0xCF7B,0xCF7B,0xCF7B,0xCF7B,0xCF7B,0xCF7B,0xCF7B,0xCF7B,0xCF7B,0xCF7B,0xCF7B,0x0000,0x0000,
    0x0000,0x0000,0x0000,0x0000,0x0000,0x0000,0x0000,0x0000,0x0000,0x0000,0x0000,0x0000,0x0000,0x0000,0x0000,
};

const uint16_t icon_back_15x16[] = {
    0x0000,0x0000,0x0000,0x0000,0x0000,0x0000,0x0000,0x0000,0x0000,0x0000,0x0000,0x0000,0x0000,0x0000,0x0000,
    0x0000,0x0000,0x0000,0x0000,0x0000,0x0000,0x0000,0x0000,0x0000,0x0000,0x0000,0x0000,0x0000,0x0000,0x0000,
    0x0000,0x0000,0x0000,0x0000,0xFFFF,0xFFFF,0x0000,0x0000,0x0000,0x0000,0x0000,0x0000,0x0000,0x0000,0x0000,
    0x0000,0x0000,0x0000,0xFFFF,0xFFFF,0xFFFF,0x0000,0x0000,0x0000,0x0000,0x0000,0x0000,0x0000,0x0000,0x0000,
    0x0000,0x0000,0xFFFF,0xFFFF,0xFFFF,0xFFFF,0xFFFF,0xFFFF,0xFFFF,0xFFFF,0xFFFF,0xFFFF,0x0000,0x0000,0x0000,
    0x0000,0x0000,0xFFFF,0xFFFF,0xFFFF,0xFFFF,0xFFFF,0xFFFF,0xFFFF,0xFFFF,0xFFFF,0xFFFF,0x0000,0x0000,0x0000,
    0x0000,0x0000,0x0000,0xFFFF,0xFFFF,0xFFFF,0x0000,0x0000,0x0000,0x0000,0xFFFF,0xFFFF,0x0000,0x0000,0x0000,
    0x0000,0x0000,0x0000,0x0000,0xFFFF,0xFFFF,0x0000,0x0000,0x0000,0x0000,0xFFFF,0xFFFF,0x0000,0x0000,0x0000,
    0x0000,0x0000,0x0000,0x0000,0x0000,0x0000,0x0000,0x0000,0x0000,0x0000,0xFFFF,0xFFFF,0x0000,0x0000,0x0000,
    0x0000,0x0000,0x0000,0x0000,0x0000,0x0000,0x0000,0x0000,0x0000,0x0000,0xFFFF,0xFFFF,0x0000,0x0000,0x0000,
    0x0000,0x0000,0x0000,0x0000,0x0000,0x0000,0x0000,0x0000,0x0000,0x0000,0xFFFF,0xFFFF,0x0000,0x0000,0x0000,
    0x0000,0x0000,0x0000,0x0000,0x0000,0x0000,0x0000,0x0000,0x0000,0x0000,0xFFFF,0xFFFF,0x0000,0x0000,0x0000,
    0x0000,0x0000,0x0000,0x0000,0x0000,0x0000,0x0000,0x0000,0x0000,0x0000,0xFFFF,0xFFFF,0x0000,0x0000,0x0000,
    0x0000,0x0000,0x0000,0x0000,0x0000,0x0000,0x0000,0x0000,0x0000,0x0000,0x0000,0x0000,0x0000,0x0000,0x0000,
    0x0000,0x0000,0x0000,0x0000,0x0000,0x0000,0x0000,0x0000,0x0000,0x0000,0x0000,0x0000,0x0000,0x0000,0x0000,
    0x0000,0x0000,0x0000,0x0000,0x0000,0x0000,0x0000,0x0000,0x0000,0x0000,0x0000,0x0000,0x0000,0x0000,0x0000,
};

const uint16_t icon_status_ok_15x12[] = {
    0x0000,0x0000,0x0000,0x0000,0x0000,0x0000,0x0000,0x0000,0x0000,0x0000,0x0000,0x0000,0x0000,0x0000,0x0000,
    0x0000,0x0000,0x0000,0x8925,0x8925,0x8925,0x0000,0x0000,0x8925,0x0000,0x0000,0x0000,0x8925,0x0000,0x0000,
    0x0000,0x0000,0x8925,0x0000,0x0000,0x0000,0x8925,0x0000,0x8925,0x0000,0x0000,0x8925,0x0000,0x0000,0x0000,
    0x0000,0x0000,0x8925,0x0000,0x0000,0x0000,0x8925,0x0000,0x8925,0x0000,0x8925,0x0000,0x0000,0x0000,0x0000,
    0x0000,0x0000,0x8925,0x0000,0x0000,0x0000,0x8925,0x0000,0x8925,0x8925,0x0000,0x0000,0x0000,0x0000,0x0000,
    0x0000,0x0000,0x8925,0x0000,0x0000,0x0000,0x8925,0x0000,0x8925,0x0000,0x8925,0x0000,0x0000,0x0000,0x0000,
    0x0000,0x0000,0x8925,0x0000,0x0000,0x0000,0x8925,0x0000,0x8925,0x0000,0x0000,0x8925,0x0000,0x0000,0x0000,
    0x0000,0x0000,0x8925,0x0000,0x0000,0x0000,0x8925,0x0000,0x8925,0x0000,0x0000,0x8925,0x0000,0x0000,0x0000,
    0x0000,0x0000,0x0000,0x8925,0x8925,0x8925,0x0000,0x0000,0x8925,0x0000,0x0000,0x0000,0x8925,0x0000,0x0000,
    0x0000,0x0000,0x0000,0x0000,0x0000,0x0000,0x0000,0x0000,0x0000,0x0000,0x0000,0x0000,0x0000,0x0000,0x0000,
    0xEF7B,0xEF7B,0xEF7B,0xEF7B,0xEF7B,0xEF7B,0xEF7B,0xEF7B,0xEF7B,0xEF7B,0xEF7B,0xEF7B,0xEF7B,0xEF7B,0xEF7B,
    0xEF7B,0xEF7B,0xEF7B,0xEF7B,0xEF7B,0xEF7B,0xEF7B,0xEF7B,0xEF7B,0xEF7B,0xEF7B,0xEF7B,0xEF7B,0xEF7B,0xEF7B,
};

const uint16_t icon_status_ok_warmup_15x12[] = {
    0x0000,0x0000,0x0000,0x8925,0x8925,0x8925,0x0000,0x0000,0x0000,0x0000,0x0000,0x18C6,0x18C6,0x18C6,0x0000,
    0x0000,0x0000,0x0000,0x8925,0x0000,0x8925,0x0000,0x0000,0x0000,0x0000,0x0000,0x18C6,0xFFFF,0x18C6,0x0000,
    0x0000,0x8925,0x0000,0x8925,0x0000,0x8925,0x0000,0x8925,0x0000,0x0000,0x0000,0x18C6,0xFFFF,0x18C6,0x0000,
    0x0000,0x8925,0x0000,0x8925,0x0000,0x8925,0x0000,0x8925,0x0000,0x0000,0x0000,0x18C6,0xFFFF,0x18C6,0x0000,
    0x8925,0x8925,0x0000,0x8925,0x0000,0x8925,0x0000,0x8925,0x8925,0x0000,0x0000,0x18C6,0xFFFF,0x18C6,0x0000,
    0x0000,0x8925,0x0000,0x8925,0x0000,0x8925,0x0000,0x8925,0x0000,0x0000,0x0000,0x18C6,0xFFFF,0x18C6,0x0000,
    0x0000,0x8925,0x0000,0x8925,0x0000,0x8925,0x0000,0x8925,0x0000,0x0000,0x0000,0x18C6,0xE4E8,0x18C6,0x0000,
    0x0000,0x0000,0x0000,0x8925,0x0000,0x8925,0x0000,0x0000,0x0000,0x0000,0x18C6,0xE4E8,0xE4E8,0xE4E8,0x18C6,
    0x0000,0x0000,0x0000,0x8925,0x8925,0x8925,0x0000,0x0000,0x0000,0x0000,0x18C6,0xE4E8,0xE4E8,0xE4E8,0x18C6,
    0x0000,0x0000,0x0000,0x0000,0x0000,0x0000,0x0000,0x0000,0x0000,0x0000,0x18C6,0x18C6,0x18C6,0x18C6,0x18C6,
    0xEF7B,0xEF7B,0xEF7B,0xEF7B,0xEF7B,0xEF7B,0xEF7B,0xEF7B,0xEF7B,0xEF7B,0xEF7B,0x18C6,0x18C6,0x18C6,0xEF7B,
    0xEF7B,0xEF7B,0xEF7B,0xEF7B,0xEF7B,0xEF7B,0xEF7B,0xEF7B,0xEF7B,0xEF7B,0xEF7B,0xEF7B,0xEF7B,0xEF7B,0xEF7B,
};

const uint16_t icon_status_err_15x12[] = {
    0x0000,0x0000,0x00F8,0x0000,0x0000,0x0000,0x00F8,0x0000,0x2C63,0x2C63,0x2C63,0x0000,0x0000,0x0000,0x0000,
    0x0000,0x00F8,0x00F8,0x00F8,0x0000,0x00F8,0x00F8,0x00F8,0x2C63,0x0000,0x2C63,0x0000,0x0000,0x0000,0x0000,
    0x0000,0x0000,0x00F8,0x00F8,0x00F8,0x00F8,0x00F8,0x0000,0x2C63,0x0000,0x2C63,0x0000,0x2C63,0x0000,0x0000,
    0x0000,0x0000,0x0000,0x00F8,0x00F8,0x00F8,0x2C63,0x0000,0x2C63,0x0000,0x2C63,0x0000,0x2C63,0x0000,0x0000,
    0x0000,0x0000,0x00F8,0x00F8,0x00F8,0x00F8,0x00F8,0x0000,0x2C63,0x0000,0x2C63,0x0000,0x2C63,0x2C63,0x0000,
    0x0000,0x00F8,0x00F8,0x00F8,0x0000,0x00F8,0x00F8,0x00F8,0x2C63,0x0000,0x2C63,0x0000,0x2C63,0x0000,0x0000,
    0x0000,0x0000,0x00F8,0x0000,0x0000,0x0000,0x00F8,0x0000,0x2C63,0x0000,0x2C63,0x0000,0x2C63,0x0000,0x0000,
    0x0000,0x0000,0x0000,0x0000,0x0000,0x0000,0x0000,0x0000,0x2C63,0x0000,0x2C63,0x0000,0x0000,0x0000,0x0000,
    0x0000,0x0000,0x0000,0x0000,0x0000,0x0000,0x0000,0x0000,0x2C63,0x2C63,0x2C63,0x0000,0x0000,0x0000,0x0000,
    0x0000,0x0000,0x0000,0x0000,0x0000,0x0000,0x0000,0x0000,0x0000,0x0000,0x0000,0x0000,0x0000,0x0000,0x0000,
    0xEF7B,0xEF7B,0xEF7B,0xEF7B,0xEF7B,0xEF7B,0xEF7B,0xEF7B,0xEF7B,0xEF7B,0xEF7B,0xEF7B,0xEF7B,0xEF7B,0xEF7B,
    0xEF7B,0xEF7B,0xEF7B,0xEF7B,0xEF7B,0xEF7B,0xEF7B,0xEF7B,0xEF7B,0xEF7B,0xEF7B,0xEF7B,0xEF7B,0xEF7B,0xEF7B,
};

const uint16_t icon_status_err_warmup_15x12[] = {
    0x0000,0x00F8,0x0000,0x2C63,0x2C63,0x00F8,0x0000,0x0000,0x0000,0x0000,0x0000,0x18C6,0x18C6,0x18C6,0x0000,
    0x00F8,0x00F8,0x00F8,0x2C63,0x00F8,0x00F8,0x00F8,0x0000,0x0000,0x0000,0x0000,0x18C6,0xFFFF,0x18C6,0x0000,
    0x0000,0x00F8,0x00F8,0x00F8,0x00F8,0x00F8,0x0000,0x2C63,0x0000,0x0000,0x0000,0x18C6,0xFFFF,0x18C6,0x0000,
    0x0000,0x2C63,0x00F8,0x00F8,0x00F8,0x2C63,0x0000,0x2C63,0x0000,0x0000,0x0000,0x18C6,0xFFFF,0x18C6,0x0000,
    0x2C63,0x00F8,0x00F8,0x00F8,0x00F8,0x00F8,0x0000,0x2C63,0x2C63,0x0000,0x0000,0x18C6,0xFFFF,0x18C6,0x0000,
    0x00F8,0x00F8,0x00F8,0x2C63,0x00F8,0x00F8,0x00F8,0x2C63,0x0000,0x0000,0x0000,0x18C6,0xFFFF,0x18C6,0x0000,
    0x0000,0x00F8,0x0000,0x2C63,0x0000,0x00F8,0x0000,0x2C63,0x0000,0x0000,0x0000,0x18C6,0xE4E8,0x18C6,0x0000,
    0x0000,0x0000,0x0000,0x2C63,0x0000,0x2C63,0x0000,0x0000,0x0000,0x0000,0x18C6,0xE4E8,0xE4E8,0xE4E8,0x18C6,
    0x0000,0x0000,0x0000,0x2C63,0x2C63,0x2C63,0x0000,0x0000,0x0000,0x0000,0x18C6,0xE4E8,0xE4E8,0xE4E8,0x18C6,
    0x0000,0x0000,0x0000,0x0000,0x0000,0x0000,0x0000,0x0000,0x0000,0x0000,0x18C6,0x18C6,0x18C6,0x18C6,0x18C6,
    0xEF7B,0xEF7B,0xEF7B,0xEF7B,0xEF7B,0xEF7B,0xEF7B,0xEF7B,0xEF7B,0xEF7B,0xEF7B,0x18C6,0x18C6,0x18C6,0xEF7B,
    0xEF7B,0xEF7B,0xEF7B,0xEF7B,0xEF7B,0xEF7B,0xEF7B,0xEF7B,0xEF7B,0xEF7B,0xEF7B,0xEF7B,0xEF7B,0xEF7B,0xEF7B,
};

const uint16_t icon_out_2ma_7x10[] = {
    0x0000,0x0000,0x0000,0x0000,0x0000,0x0000,0x0000,
    0x0000,0x0000,0x0000,0x0000,0x0000,0x0000,0x0000,
    0x0000,0x0000,0x0000,0x0000,0x0000,0x0000,0x0000,
    0x0000,0x0000,0x0000,0x0000,0x0000,0x0000,0x0000,
    0x0000,0x0000,0x0000,0x0000,0x0000,0x0000,0x0000,
    0x0000,0x0000,0x0000,0x0000,0x0000,0x0000,0x0000,
    0x0000,0x0000,0x0000,0x0000,0x0000,0x0000,0x0000,
    0x0000,0x8925,0x8925,0x8925,0x0000,0x8925,0x8925,
    0x8925,0x8925,0x0000,0x8925,0x8925,0x8925,0x0000,
    0x0000,0x0000,0x0000,0x0000,0x0000,0x0000,0x0000,
};

const uint16_t icon_out_4ma_7x10[] = {
    0x0000,0x0000,0x0000,0x0000,0x0000,0x0000,0x0000,
    0x0000,0x0000,0x0000,0x0000,0x0000,0x0000,0x0000,
    0x0000,0x0000,0x0000,0x0000,0x0000,0x0000,0x0000,
    0x0000,0x0000,0x0000,0x0000,0x0000,0x0000,0x0000,
    0x0000,0x0000,0x0000,0x0000,0x0000,0x0000,0x0000,
    0x0000,0x8925,0x8925,0x8925,0x0000,0x8925,0x8925,
    0x0000,0x8925,0x0000,0x8925,0x0000,0x8925,0x0000,
    0x0000,0x8925,0x0000,0x8925,0x0000,0x8925,0x0000,
    0x8925,0x8925,0x0000,0x8925,0x8925,0x8925,0x0000,
    0x0000,0x0000,0x0000,0x0000,0x0000,0x0000,0x0000,
};

const uint16_t icon_out_6ma_7x10[] = {
    0x0000,0x0000,0x0000,0x0000,0x0000,0x0000,0x0000,
    0x0000,0x0000,0x0000,0x0000,0x0000,0x0000,0x0000,
    0x0000,0x8925,0x8925,0x8925,0x0000,0x8925,0x8925,
    0x0000,0x8925,0x0000,0x8925,0x0000,0x8925,0x0000,
    0x0000,0x8925,0x0000,0x8925,0x0000,0x8925,0x0000,
    0x0000,0x8925,0x0000,0x8925,0x0000,0x8925,0x0000,
    0x0000,0x8925,0x0000,0x8925,0x0000,0x8925,0x0000,
    0x0000,0x8925,0x0000,0x8925,0x0000,0x8925,0x0000,
    0x8925,0x8925,0x0000,0x8925,0x8925,0x8925,0x0000,
    0x0000,0x0000,0x0000,0x0000,0x0000,0x0000,0x0000,
};

const uint16_t icon_out_8ma_7x10[] = {
    0x0000,0x8925,0x8925,0x8925,0x0000,0x8925,0x8925,
    0x0000,0x8925,0x0000,0x8925,0x0000,0x8925,0x0000,
    0x0000,0x8925,0x0000,0x8925,0x0000,0x8925,0x0000,
    0x0000,0x8925,0x0000,0x8925,0x0000,0x8925,0x0000,
    0x0000,0x8925,0x0000,0x8925,0x0000,0x8925,0x0000,
    0x0000,0x8925,0x0000,0x8925,0x0000,0x8925,0x0000,
    0x0000,0x8925,0x0000,0x8925,0x0000,0x8925,0x0000,
    0x0000,0x8925,0x0000,0x8925,0x0000,0x8925,0x0000,
    0x0000,0x8925,0x0000,0x8925,0x0000,0x8925,0x0000,
    0x8925,0x8925,0x0000,0x8925,0x8925,0x8925,0x0000,
};

const uint16_t icon_page_left_10x15[] = {
    0x0000,0x0000,0x0000,0x0000,0x0000,0x0000,0x0000,0x0000,0x0000,0x0000,
    0x0000,0x0000,0x0000,0x0000,0x0000,0x0000,0x0000,0x0000,0x0000,0x0000,
    0x0000,0x0000,0x0000,0x0000,0x0000,0x0000,0x0000,0x0000,0x0000,0x0000,
    0x0000,0x0000,0x0000,0x0000,0x0000,0x0000,0xFFFF,0xFFFF,0x0000,0x0000,
    0x0000,0x0000,0x0000,0x0000,0x0000,0xFFFF,0xFFFF,0xFFFF,0x0000,0x0000,
    0x0000,0x0000,0x0000,0x0000,0xFFFF,0xFFFF,0xFFFF,0x0000,0x0000,0x0000,
    0x0000,0x0000,0x0000,0xFFFF,0xFFFF,0xFFFF,0x0000,0x0000,0x0000,0x0000,
    0x0000,0x0000,0xFFFF,0xFFFF,0xFFFF,0x0000,0x0000,0x0000,0x0000,0x0000,
    0x0000,0x0000,0x0000,0xFFFF,0xFFFF,0xFFFF,0x0000,0x0000,0x0000,0x0000,
    0x0000,0x0000,0x0000,0x0000,0xFFFF,0xFFFF,0xFFFF,0x0000,0x0000,0x0000,
    0x0000,0x0000,0x0000,0x0000,0x0000,0xFFFF,0xFFFF,0xFFFF,0x0000,0x0000,
    0x0000,0x0000,0x0000,0x0000,0x0000,0x0000,0xFFFF,0xFFFF,0x0000,0x0000,
    0x0000,0x0000,0x0000,0x0000,0x0000,0x0000,0x0000,0x0000,0x0000,0x0000,
    0x0000,0x0000,0x0000,0x0000,0x0000,0x0000,0x0000,0x0000,0x0000,0x0000,
    0x0000,0x0000,0x0000,0x0000,0x0000,0x0000,0x0000,0x0000,0x0000,0x0000,
};

const uint16_t icon_page_left_inactive_10x15[] = {
    0x0000,0x0000,0x0000,0x0000,0x0000,0x0000,0x0000,0x0000,0x0000,0x0000,
    0x0000,0x0000,0x0000,0x0000,0x0000,0x0000,0x0000,0x0000,0x0000,0x0000,
    0x0000,0x0000,0x0000,0x0000,0x0000,0x0000,0x0000,0x0000,0x0000,0x0000,
    0x0000,0x0000,0x0000,0x0000,0x0000,0x0000,0xEF7B,0xEF7B,0x0000,0x0000,
    0x0000,0x0000,0x0000,0x0000,0x0000,0xEF7B,0xEF7B,0xEF7B,0x0000,0x0000,
    0x0000,0x0000,0x0000,0x0000,0xEF7B,0xEF7B,0xEF7B,0x0000,0x0000,0x0000,
    0x0000,0x0000,0x0000,0xEF7B,0xEF7B,0xEF7B,0x0000,0x0000,0x0000,0x0000,
    0x0000,0x0000,0xEF7B,0xEF7B,0xEF7B,0x0000,0x0000,0x0000,0x0000,0x0000,
    0x0000,0x0000,0x0000,0xEF7B,0xEF7B,0xEF7B,0x0000,0x0000,0x0000,0x0000,
    0x0000,0x0000,0x0000,0x0000,0xEF7B,0xEF7B,0xEF7B,0x0000,0x0000,0x0000,
    0x0000,0x0000,0x0000,0x0000,0x0000,0xEF7B,0xEF7B,0xEF7B,0x0000,0x0000,
    0x0000,0x0000,0x0000,0x0000,0x0000,0x0000,0xEF7B,0xEF7B,0x0000,0x0000,
    0x0000,0x0000,0x0000,0x0000,0x0000,0x0000,0x0000,0x0000,0x0000,0x0000,
    0x0000,0x0000,0x0000,0x0000,0x0000,0x0000,0x0000,0x0000,0x0000,0x0000,
    0x0000,0x0000,0x0000,0x0000,0x0000,0x0000,0x0000,0x0000,0x0000,0x0000,
};

const uint16_t icon_page_right_10x15[] = {
    0x0000,0x0000,0x0000,0x0000,0x0000,0x0000,0x0000,0x0000,0x0000,0x0000,
    0x0000,0x0000,0x0000,0x0000,0x0000,0x0000,0x0000,0x0000,0x0000,0x0000,
    0x0000,0x0000,0x0000,0x0000,0x0000,0x0000,0x0000,0x0000,0x0000,0x0000,
    0x0000,0x0000,0xFFFF,0xFFFF,0x0000,0x0000,0x0000,0x0000,0x0000,0x0000,
    0x0000,0x0000,0xFFFF,0xFFFF,0xFFFF,0x0000,0x0000,0x0000,0x0000,0x0000,
    0x0000,0x0000,0x0000,0xFFFF,0xFFFF,0xFFFF,0x0000,0x0000,0x0000,0x0000,
    0x0000,0x0000,0x0000,0x0000,0xFFFF,0xFFFF,0xFFFF,0x0000,0x0000,0x0000,
    0x0000,0x0000,0x0000,0x0000,0x0000,0xFFFF,0xFFFF,0xFFFF,0x0000,0x0000,
    0x0000,0x0000,0x0000,0x0000,0xFFFF,0xFFFF,0xFFFF,0x0000,0x0000,0x0000,
    0x0000,0x0000,0x0000,0xFFFF,0xFFFF,0xFFFF,0x0000,0x0000,0x0000,0x0000,
    0x0000,0x0000,0xFFFF,0xFFFF,0xFFFF,0x0000,0x0000,0x0000,0x0000,0x0000,
    0x0000,0x0000,0xFFFF,0xFFFF,0x0000,0x0000,0x0000,0x0000,0x0000,0x0000,
    0x0000,0x0000,0x0000,0x0000,0x0000,0x0000,0x0000,0x0000,0x0000,0x0000,
    0x0000,0x0000,0x0000,0x0000,0x0000,0x0000,0x0000,0x0000,0x0000,0x0000,
    0x0000,0x0000,0x0000,0x0000,0x0000,0x0000,0x0000,0x0000,0x0000,0x0000,
};

const uint16_t icon_page_right_inactive_10x15[] = {
    0x0000,0x0000,0x0000,0x0000,0x0000,0x0000,0x0000,0x0000,0x0000,0x0000,
    0x0000,0x0000,0x0000,0x0000,0x0000,0x0000,0x0000,0x0000,0x0000,0x0000,
    0x0000,0x0000,0x0000,0x0000,0x0000,0x0000,0x0000,0x0000,0x0000,0x0000,
    0x0000,0x0000,0xEF7B,0xEF7B,0x0000,0x0000,0x0000,0x0000,0x0000,0x0000,
    0x0000,0x0000,0xEF7B,0xEF7B,0xEF7B,0x0000,0x0000,0x0000,0x0000,0x0000,
    0x0000,0x0000,0x0000,0xEF7B,0xEF7B,0xEF7B,0x0000,0x0000,0x0000,0x0000,
    0x0000,0x0000,0x0000,0x0000,0xEF7B,0xEF7B,0xEF7B,0x0000,0x0000,0x0000,
    0x0000,0x0000,0x0000,0x0000,0x0000,0xEF7B,0xEF7B,0xEF7B,0x0000,0x0000,
    0x0000,0x0000,0x0000,0x0000,0xEF7B,0xEF7B,0xEF7B,0x0000,0x0000,0x0000,
    0x0000,0x0000,0x0000,0xEF7B,0xEF7B,0xEF7B,0x0000,0x0000,0x0000,0x0000,
    0x0000,0x0000,0xEF7B,0xEF7B,0xEF7B,0x0000,0x0000,0x0000,0x0000,0x0000,
    0x0000,0x0000,0xEF7B,0xEF7B,0x0000,0x0000,0x0000,0x0000,0x0000,0x0000,
    0x0000,0x0000,0x0000,0x0000,0x0000,0x0000,0x0000,0x0000,0x0000,0x0000,
    0x0000,0x0000,0x0000,0x0000,0x0000,0x0000,0x0000,0x0000,0x0000,0x0000,
    0x0000,0x0000,0x0000,0x0000,0x0000,0x0000,0x0000,0x0000,0x0000,0x0000,
};

const uint16_t icon_check_set_11x11[] = {
    0xEF7B,0xEF7B,0xEF7B,0xEF7B,0xEF7B,0xEF7B,0xEF7B,0xEF7B,0xEF7B,0xEF7B,0xEF7B,
    0xEF7B,0x0000,0x0000,0x0000,0x0000,0x0000,0x0000,0x0000,0x0000,0x0000,0xEF7B,
    0xEF7B,0x0000,0x0000,0x0000,0x0000,0x0000,0x0000,0x0000,0xFFFF,0xFFFF,0xEF7B,
    0xEF7B,0x0000,0x0000,0x0000,0x0000,0x0000,0x0000,0xFFFF,0xFFFF,0xFFFF,0xEF7B,
    0xEF7B,0xFFFF,0xFFFF,0x0000,0x0000,0x0000,0xFFFF,0xFFFF,0xFFFF,0x0000,0xEF7B,
    0xEF7B,0xFFFF,0xFFFF,0xFFFF,0x0000,0xFFFF,0xFFFF,0xFFFF,0x0000,0x0000,0xEF7B,
    0xEF7B,0x0000,0xFFFF,0xFFFF,0xFFFF,0xFFFF,0xFFFF,0x0000,0x0000,0x0000,0xEF7B,
    0xEF7B,0x0000,0x0000,0xFFFF,0xFFFF,0xFFFF,0x0000,0x0000,0x0000,0x0000,0xEF7B,
    0xEF7B,0x0000,0x0000,0x0000,0xFFFF,0x0000,0x0000,0x0000,0x0000,0x0000,0xEF7B,
    0xEF7B,0x0000,0x0000,0x0000,0x0000,0x0000,0x0000,0x0000,0x0000,0x0000,0xEF7B,
    0xEF7B,0xEF7B,0xEF7B,0xEF7B,0xEF7B,0xEF7B,0xEF7B,0xEF7B,0xEF7B,0xEF7B,0xEF7B,
};

const uint16_t icon_check_unset_11x11[] = {
    0xEF7B,0xEF7B,0xEF7B,0xEF7B,0xEF7B,0xEF7B,0xEF7B,0xEF7B,0xEF7B,0xEF7B,0xEF7B,
    0xEF7B,0x0000,0x0000,0x0000,0x0000,0x0000,0x0000,0x0000,0x0000,0x0000,0xEF7B,
    0xEF7B,0x0000,0x0000,0x0000,0x0000,0x0000,0x0000,0x0000,0x0000,0x0000,0xEF7B,
    0xEF7B,0x0000,0x0000,0x0000,0x0000,0x0000,0x0000,0x0000,0x0000,0x0000,0xEF7B,
    0xEF7B,0x0000,0x0000,0x0000,0x0000,0x0000,0x0000,0x0000,0x0000,0x0000,0xEF7B,
    0xEF7B,0x0000,0x0000,0x0000,0x0000,0x0000,0x0000,0x0000,0x0000,0x0000,0xEF7B,
    0xEF7B,0x0000,0x0000,0x0000,0x0000,0x0000,0x0000,0x0000,0x0000,0x0000,0xEF7B,
    0xEF7B,0x0000,0x0000,0x0000,0x0000,0x0000,0x0000,0x0000,0x0000,0x0000,0xEF7B,
    0xEF7B,0x0000,0x0000,0x0000,0x0000,0x0000,0x0000,0x0000,0x0000,0x0000,0xEF7B,
    0xEF7B,0x0000,0x0000,0x0000,0x0000,0x0000,0x0000,0x0000,0x0000,0x0000,0xEF7B,
    0xEF7B,0xEF7B,0xEF7B,0xEF7B,0xEF7B,0xEF7B,0xEF7B,0xEF7B,0xEF7B,0xEF7B,0xEF7B,
};

const uint16_t icon_symbol_degree_7x10[] = {
    0x0000,0x0000,0x0000,0x0000,0x0000,0x0000,0x0000,
    0x0000,0x0000,0x55AD,0x55AD,0x0000,0x0000,0x0000,
    0x0000,0x55AD,0x0000,0x0000,0x55AD,0x0000,0x0000,
    0x0000,0x55AD,0x0000,0x0000,0x55AD,0x0000,0x0000,
    0x0000,0x0000,0x55AD,0x55AD,0x0000,0x0000,0x0000,
    0x0000,0x0000,0x0000,0x0000,0x0000,0x0000,0x0000,
    0x0000,0x0000,0x0000,0x0000,0x0000,0x0000,0x0000,
    0x0000,0x0000,0x0000,0x0000,0x0000,0x0000,0x0000,
    0x0000,0x0000,0x0000,0x0000,0x0000,0x0000,0x0000,
    0x0000,0x0000,0x0000,0x0000,0x0000,0x0000,0x0000,
};

const uint16_t icon_symbol_plus_minus_7x10[] = {
    0x0000,0x0000,0x0000,0x0000,0x0000,0x0000,0x0000,
    0x0000,0x0000,0x0000,0xFFFF,0x0000,0x0000,0x0000,
    0x0000,0x0000,0x0000,0xFFFF,0x0000,0x0000,0x0000,
    0x0000,0xFFFF,0xFFFF,0xFFFF,0xFFFF,0xFFFF,0x0000,
    0x0000,0x0000,0x0000,0xFFFF,0x0000,0x0000,0x0000,
    0x0000,0x0000,0x0000,0xFFFF,0x0000,0x0000,0x0000,
    0x0000,0x0000,0x0000,0x0000,0x0000,0x0000,0x0000,
    0x0000,0x0000,0x0000,0x0000,0x0000,0x0000,0x0000,
    0x0000,0xFFFF,0xFFFF,0xFFFF,0xFFFF,0xFFFF,0x0000,
    0x0000,0x0000,0x0000,0x0000,0x0000,0x0000,0x0000,
};

const uint16_t icon_digits_0_9_5x7[10][35] = {
    { // 0
        0x0000,0x75FF,0x75FF,0x75FF,0x0000,0x75FF,0x0000,0x0000,0x0000,0x75FF,0x75FF,0x0000,0x0000,0x75FF,0x75FF,0x75FF,0x0000,0x75FF,
        0x0000,0x75FF,0x75FF,0x75FF,0x0000,0x0000,0x75FF,0x75FF,0x0000,0x0000,0x0000,0x75FF,0x0000,0x75FF,0x75FF,0x75FF,0x0000,
    }, { // 1
        0x0000,0x0000,0x75FF,0x0000,0x0000,0x0000,0x75FF,0x75FF,0x0000,0x0000,0x0000,0x0000,0x75FF,0x0000,0x0000,0x0000,0x0000,0x75FF,
        0x0000,0x0000,0x0000,0x0000,0x75FF,0x0000,0x0000,0x0000,0x0000,0x75FF,0x0000,0x0000,0x0000,0x75FF,0x75FF,0x75FF,0x0000,
    }, { // 2
        0x0000,0x75FF,0x75FF,0x75FF,0x0000,0x75FF,0x0000,0x0000,0x0000,0x75FF,0x0000,0x0000,0x0000,0x0000,0x75FF,0x0000,0x0000,0x0000,
        0x75FF,0x0000,0x0000,0x0000,0x75FF,0x0000,0x0000,0x0000,0x75FF,0x0000,0x0000,0x0000,0x75FF,0x75FF,0x75FF,0x75FF,0x75FF,
    }, { // 3
        0x75FF,0x75FF,0x75FF,0x75FF,0x75FF,0x0000,0x0000,0x0000,0x75FF,0x0000,0x0000,0x0000,0x75FF,0x0000,0x0000,0x0000,0x0000,0x0000,
        0x75FF,0x0000,0x0000,0x0000,0x0000,0x0000,0x75FF,0x75FF,0x0000,0x0000,0x0000,0x75FF,0x0000,0x75FF,0x75FF,0x75FF,0x0000,
    }, { // 4
        0x0000,0x0000,0x0000,0x75FF,0x0000,0x0000,0x0000,0x75FF,0x75FF,0x0000,0x0000,0x75FF,0x0000,0x75FF,0x0000,0x75FF,0x0000,0x0000,
        0x75FF,0x0000,0x75FF,0x75FF,0x75FF,0x75FF,0x75FF,0x0000,0x0000,0x0000,0x75FF,0x0000,0x0000,0x0000,0x0000,0x75FF,0x0000,
    }, { // 5
        0x75FF,0x75FF,0x75FF,0x75FF,0x75FF,0x75FF,0x0000,0x0000,0x0000,0x0000,0x75FF,0x75FF,0x75FF,0x75FF,0x0000,0x0000,0x0000,0x0000,
        0x0000,0x75FF,0x0000,0x0000,0x0000,0x0000,0x75FF,0x75FF,0x0000,0x0000,0x0000,0x75FF,0x0000,0x75FF,0x75FF,0x75FF,0x0000,
    }, { // 6
        0x0000,0x0000,0x75FF,0x75FF,0x0000,0x0000,0x75FF,0x0000,0x0000,0x0000,0x75FF,0x0000,0x0000,0x0000,0x0000,0x75FF,0x75FF,0x75FF,
        0x75FF,0x0000,0x75FF,0x0000,0x0000,0x0000,0x75FF,0x75FF,0x0000,0x0000,0x0000,0x75FF,0x0000,0x75FF,0x75FF,0x75FF,0x0000,
    }, { // 7
        0x75FF,0x75FF,0x75FF,0x75FF,0x75FF,0x75FF,0x0000,0x0000,0x0000,0x75FF,0x0000,0x0000,0x0000,0x0000,0x75FF,0x0000,0x0000,0x0000,
        0x75FF,0x0000,0x0000,0x0000,0x75FF,0x0000,0x0000,0x0000,0x0000,0x75FF,0x0000,0x0000,0x0000,0x0000,0x75FF,0x0000,0x0000,
    }, { // 8
        0x0000,0x75FF,0x75FF,0x75FF,0x0000,0x75FF,0x0000,0x0000,0x0000,0x75FF,0x75FF,0x0000,0x0000,0x0000,0x75FF,0x0000,0x75FF,0x75FF,
        0x75FF,0x0000,0x75FF,0x0000,0x0000,0x0000,0x75FF,0x75FF,0x0000,0x0000,0x0000,0x75FF,0x0000,0x75FF,0x75FF,0x75FF,0x0000,
    }, { // 9
        0x0000,0x75FF,0x75FF,0x75FF,0x0000,0x75FF,0x0000,0x0000,0x0000,0x75FF,0x75FF,0x0000,0x0000,0x0000,0x75FF,0x0000,0x75FF,0x75FF,
        0x75FF,0x75FF,0x0000,0x0000,0x0000,0x0000,0x75FF,0x0000,0x0000,0x0000,0x75FF,0x0000,0x0000,0x75FF,0x75FF,0x0000,0x0000,
    },
};

const uint16_t icon_spinner_12st_7x7[12][49] = {
    { // 0
        0x0000,0x0000,0x0000,0x0000,0x0000,0x0000,0x0000,0x0000,0x0000,0x0000,0x0000,0x0000,0x0000,0x0000,0x0000,0x0000,0x0000,
        0x0000,0x0000,0x0000,0x0000,0xFBAD,0xFBAD,0xFBAD,0xFBAD,0xFBAD,0xFBAD,0xFBAD,0x0000,0x0000,0x0000,0x0000,0x0000,0x0000,
        0x0000,0x0000,0x0000,0x0000,0x0000,0x0000,0x0000,0x0000,0x0000,0x0000,0x0000,0x0000,0x0000,0x0000,0x0000,
    }, { // 1
        0x0000,0x0000,0x0000,0x0000,0x0000,0x0000,0x0000,0x0000,0x0000,0x0000,0x0000,0x0000,0x0000,0x0000,0xFBAD,0xFBAD,0x0000,
        0x0000,0x0000,0x0000,0x0000,0x0000,0x0000,0xFBAD,0xFBAD,0xFBAD,0x0000,0x0000,0x0000,0x0000,0x0000,0x0000,0x0000,0xFBAD,
        0xFBAD,0x0000,0x0000,0x0000,0x0000,0x0000,0x0000,0x0000,0x0000,0x0000,0x0000,0x0000,0x0000,0x0000,0x0000,
    }, { // 2
        0x0000,0x0000,0x0000,0x0000,0x0000,0x0000,0x0000,0x8B4A,0x0000,0x0000,0x0000,0x0000,0x0000,0x0000,0x0000,0xFBAD,0xFBAD,
        0x0000,0x0000,0x0000,0x0000,0x0000,0x0000,0x0000,0xFBAD,0x0000,0x0000,0x0000,0x0000,0x0000,0x0000,0x0000,0xFBAD,0xFBAD,
        0x0000,0x0000,0x0000,0x0000,0x0000,0x0000,0x0000,0x8B4A,0x0000,0x0000,0x0000,0x0000,0x0000,0x0000,0x0000,
    }, { // 3
        0x0000,0x0000,0x0000,0x0000,0x0000,0x0000,0x0000,0x0000,0xFBAD,0x0000,0x0000,0x0000,0x0000,0x0000,0x0000,0x0000,0xFBAD,
        0x0000,0x0000,0x0000,0x0000,0x0000,0x0000,0x0000,0xFBAD,0x0000,0x0000,0x0000,0x0000,0x0000,0x0000,0x0000,0xFBAD,0x0000,
        0x0000,0x0000,0x0000,0x0000,0x0000,0x0000,0xFBAD,0x0000,0x0000,0x0000,0x0000,0x0000,0x0000,0x0000,0x0000,
    }, { // 4
        0x0000,0x8B4A,0x0000,0x0000,0x0000,0x0000,0x0000,0x0000,0x0000,0xFBAD,0x0000,0x0000,0x0000,0x0000,0x0000,0x0000,0xFBAD,
        0x0000,0x0000,0x0000,0x0000,0x0000,0x0000,0x0000,0xFBAD,0x0000,0x0000,0x0000,0x0000,0x0000,0x0000,0x0000,0xFBAD,0x0000,
        0x0000,0x0000,0x0000,0x0000,0x0000,0xFBAD,0x0000,0x0000,0x0000,0x0000,0x0000,0x0000,0x0000,0x8B4A,0x0000,
    }, { // 5
        0x0000,0x0000,0xFBAD,0x0000,0x0000,0x0000,0x0000,0x0000,0x0000,0xFBAD,0x0000,0x0000,0x0000,0x0000,0x0000,0x0000,0x0000,
        0xFBAD,0x0000,0x0000,0x0000,0x0000,0x0000,0x0000,0xFBAD,0x0000,0x0000,0x0000,0x0000,0x0000,0x0000,0xFBAD,0x0000,0x0000,
        0x0000,0x0000,0x0000,0x0000,0x0000,0xFBAD,0x0000,0x0000,0x0000,0x0000,0x0000,0x0000,0xFBAD,0x0000,0x0000,
    }, { // 6
        0x0000,0x0000,0x0000,0xFBAD,0x0000,0x0000,0x0000,0x0000,0x0000,0x0000,0xFBAD,0x0000,0x0000,0x0000,0x0000,0x0000,0x0000,
        0xFBAD,0x0000,0x0000,0x0000,0x0000,0x0000,0x0000,0xFBAD,0x0000,0x0000,0x0000,0x0000,0x0000,0x0000,0xFBAD,0x0000,0x0000,
        0x0000,0x0000,0x0000,0x0000,0xFBAD,0x0000,0x0000,0x0000,0x0000,0x0000,0x0000,0xFBAD,0x0000,0x0000,0x0000,
    }, { // 7
        0x0000,0x0000,0x0000,0x0000,0xFBAD,0x0000,0x0000,0x0000,0x0000,0x0000,0x0000,0xFBAD,0x0000,0x0000,0x0000,0x0000,0x0000,
        0xFBAD,0x0000,0x0000,0x0000,0x0000,0x0000,0x0000,0xFBAD,0x0000,0x0000,0x0000,0x0000,0x0000,0x0000,0xFBAD,0x0000,0x0000,
        0x0000,0x0000,0x0000,0xFBAD,0x0000,0x0000,0x0000,0x0000,0x0000,0x0000,0xFBAD,0x0000,0x0000,0x0000,0x0000,
    }, { // 8
        0x0000,0x0000,0x0000,0x0000,0x0000,0x8B4A,0x0000,0x0000,0x0000,0x0000,0x0000,0xFBAD,0x0000,0x0000,0x0000,0x0000,0x0000,
        0x0000,0xFBAD,0x0000,0x0000,0x0000,0x0000,0x0000,0xFBAD,0x0000,0x0000,0x0000,0x0000,0x0000,0xFBAD,0x0000,0x0000,0x0000,
        0x0000,0x0000,0x0000,0xFBAD,0x0000,0x0000,0x0000,0x0000,0x0000,0x8B4A,0x0000,0x0000,0x0000,0x0000,0x0000,
    }, { // 9
        0x0000,0x0000,0x0000,0x0000,0x0000,0x0000,0x0000,0x0000,0x0000,0x0000,0x0000,0x0000,0xFBAD,0x0000,0x0000,0x0000,0x0000,
        0x0000,0xFBAD,0x0000,0x0000,0x0000,0x0000,0x0000,0xFBAD,0x0000,0x0000,0x0000,0x0000,0x0000,0xFBAD,0x0000,0x0000,0x0000,
        0x0000,0x0000,0xFBAD,0x0000,0x0000,0x0000,0x0000,0x0000,0x0000,0x0000,0x0000,0x0000,0x0000,0x0000,0x0000,
    }, { // 10
        0x0000,0x0000,0x0000,0x0000,0x0000,0x0000,0x0000,0x0000,0x0000,0x0000,0x0000,0x0000,0x0000,0x8B4A,0x0000,0x0000,0x0000,
        0x0000,0xFBAD,0xFBAD,0x0000,0x0000,0x0000,0x0000,0xFBAD,0x0000,0x0000,0x0000,0x0000,0xFBAD,0xFBAD,0x0000,0x0000,0x0000,
        0x0000,0x8B4A,0x0000,0x0000,0x0000,0x0000,0x0000,0x0000,0x0000,0x0000,0x0000,0x0000,0x0000,0x0000,0x0000,
    }, { // 11
        0x0000,0x0000,0x0000,0x0000,0x0000,0x0000,0x0000,0x0000,0x0000,0x0000,0x0000,0x0000,0x0000,0x0000,0x0000,0x0000,0x0000,
        0x0000,0x0000,0xFBAD,0xFBAD,0x0000,0x0000,0xFBAD,0xFBAD,0xFBAD,0x0000,0x0000,0xFBAD,0xFBAD,0x0000,0x0000,0x0000,0x0000,
        0x0000,0x0000,0x0000,0x0000,0x0000,0x0000,0x0000,0x0000,0x0000,0x0000,0x0000,0x0000,0x0000,0x0000,0x0000,
    },
};

const uint16_t image_world_map_width  = 160;
const uint16_t image_world_map_height = 80;
const uint16_t image_world_map_160x80[] = {
    0x6808,0x6808,0x6808,0x6808,0x6808,0x6808,0x6808,0x6808,0x6808,0x6808,0x6808,0x6808,0x6808,0x6808,0x6808,0x6808,0x6808,0x6808,0x6808,0x6808,0x6808,0x6808,0x6808,0x6808,0x6808,0x6808,0x6808,0x6808,0x6808,0x6808,0x6808,0x6808,0x6808,0x6808,0x6808,0x6808,0x6808,0x6808,0x6808,0x6808,0x6808,0x6808,0x6808,0x6808,0x6808,0x6808,0x6808,0x6808,0x6808,0x6808,0x6808,0x6808,0x6808,0x6808,0x6808,0x6808,0x6808,0x6808,0x6808,0x6808,0x6808,0x6808,0x6808,0x6808,0x6808,0x6808,0x6808,0x6808,0x6808,0x6808,0x6808,0x6808,0x6808,0x6808,0x6808,0x6808,0x6808,0x6808,0x6808,0x6808,0x6808,0x6808,0x6808,0x6808,0x6808,0x6808,0x6808,0x6808,0x6808,0x6808,0x6808,0x6808,0x6808,0x6808,0x6808,0x6808,0x6808,0x6808,0x6808,0x6808,0x6808,0x6808,0x6808,0x6808,0x6808,0x6808,0x6808,0x6808,0x6808,0x6808,0x6808,0x6808,0x6808,0x6808,0x6808,0x6808,0x6808,0x6808,0x6808,0x6808,0x6808,0x6808,0x6808,0x6808,0x6808,0x6808,0x6808,0x6808,0x6808,0x6808,0x6808,0x6808,0x6808,0x6808,0x6808,0x6808,0x6808,0x6808,0x6808,0x6808,0x6808,0x6808,0x6808,0x6808,0x6808,0x6808,0x6808,0x6808,0x6808,0x6808,0x6808,0x6808,0x6808,0x6808,0x6808,0x6808,0x6808,0x6808,0x6808,0x6808,
    0x6808,0x6808,0x6808,0x6808,0x6808,0x6808,0x6808,0x6808,0x6808,0x6808,0x6808,0x6808,0x6808,0x6808,0x6808,0x6808,0x6808,0x6808,0x6808,0x6808,0x6808,0x6808,0x6808,0x6808,0x6808,0x6808,0x6808,0x6808,0x6808,0x6808,0x6808,0x6808,0x6808,0x6808,0x6808,0x6808,0x6808,0x6808,0x6808,0x6808,0x6808,0x6808,0x6808,0x6808,0x6808,0x6808,0x6808,0x6808,0x6808,0x6808,0x6808,0x6808,0x6808,0x6808,0x6808,0x6808,0x6808,0x6808,0x6808,0x6808,0x6808,0x6808,0x6808,0x4808,0x4808,0x4808,0x6808,0x6808,0x6808,0x6808,0x6808,0x6808,0x6808,0x6808,0x6808,0x6808,0x6808,0x6808,0x6808,0x6808,0x6808,0x6808,0x6808,0x6808,0x6808,0x6808,0x6808,0x6808,0x6808,0x6808,0x6808,0x6808,0x6808,0x6808,0x6808,0x6808,0x6808,0x6808,0x6808,0x6808,0x6808,0x6808,0x6808,0x6808,0x6808,0x6808,0x6808,0x6808,0x6808,0x6808,0x6808,0x6808,0x6808,0x6808,0x6808,0x6808,0x6808,0x6808,0x6808,0x6808,0x6808,0x6808,0x6808,0x6808,0x6808,0x6808,0x6808,0x6808,0x6808,0x6808,0x6808,0x6808,0x6808,0x6808,0x6808,0x6808,0x6808,0x6808,0x6808,0x6808,0x6808,0x6808,0x6808,0x6808,0x6808,0x6808,0x6808,0x6808,0x6808,0x6808,0x6808,0x6808,0x6808,0x6808,0x6808,0x6808,0x6808,0x6808,0x6808,0x6808,
    0x6808,0x6808,0x6808,0x6808,0x6808,0x6808,0x6808,0x6808,0x6808,0x6808,0x6808,0x6808,0x6808,0x6808,0x6808,0x6808,0x6808,0x6808,0x6808,0x6808,0x6808,0x6808,0x6808,0x6808,0x6808,0x6808,0x6808,0x6808,0x6808,0x6808,0x6808,0x6808,0x6808,0x6808,0x6808,0x6808,0x6808,0x6808,0x6808,0x4708,0x0700,0x0700,0x0700,0x0600,0x0500,0x0400,0x0300,0x0400,0x0400,0x0500,0x0600,0x0700,0x2700,0x0700,0x0700,0x0700,0x0700,0x0600,0x0600,0x0400,0x0300,0x0400,0x0400,0x4508,0x6708,0x4608,0x4608,0x0500,0x0500,0x0700,0x2700,0x4708,0x0700,0x2700,0x6808,0x6808,0x6808,0x6808,0x6808,0x6808,0x6808,0x6808,0x6808,0x6808,0x6808,0x6808,0x6808,0x6808,0x6808,0x6808,0x6808,0x6808,0x6808,0x6808,0x6808,0x6808,0x6808,0x6808,0x6808,0x6808,0x6808,0x6808,0x6808,0x6808,0x6808,0x4808,0x6808,0x6808,0x6808,0x6808,0x6808,0x6808,0x6808,0x6808,0x6808,0x6808,0x6808,0x6808,0x6808,0x6808,0x6808,0x6808,0x6808,0x6808,0x6808,0x6808,0x6808,0x6808,0x6808,0x6808,0x6808,0x6808,0x6808,0x6808,0x6808,0x6808,0x6808,0x6808,0x6808,0x6808,0x6808,0x6808,0x6808,0x6808,0x6808,0x6808,0x6808,0x6808,0x6808,0x6808,0x6808,0x6808,0x6808,0x6808,0x6808,0x6808,0x6808,0x6808,0x6808,0x6808,
    0x6808,0x6808,0x6808,0x6808,0x6808,0x6808,0x6808,0x6808,0x6808,0x6808,0x6808,0x6808,0x6808,0x6808,0x6808,0x6808,0x6808,0x6808,0x6808,0x6808,0x6808,0x6808,0x6808,0x6808,0x6808,0x6808,0x6808,0x6808,0x6808,0x6808,0x6808,0x6808,0x6808,0x4708,0x4808,0x6808,0x6808,0x0500,0x2600,0x4829,0xB173,0xF27B,0x5384,0xB7B5,0x18BE,0x9ACE,0xBEF7,0x7DEF,0xDBD6,0x9AD6,0x96B5,0xCB5A,0xA931,0x2F63,0xF17B,0xB073,0x4F6B,0x738C,0xD49C,0x97AD,0xFFFF,0x7EEF,0xFFFF,0xFFFF,0xBEF7,0x1CE7,0x7DEF,0xDBDE,0x34A5,0xAF73,0x8931,0x8A31,0xB173,0x2F63,0x6708,0x6808,0x6808,0x6808,0x6808,0x6808,0x6808,0x6808,0x6808,0x6808,0x6808,0x2700,0x2700,0x0700,0x0700,0x0700,0x0700,0x2708,0x6808,0x6808,0x6808,0x6808,0x6808,0x6808,0x6808,0x6808,0x2700,0x0700,0x4708,0x4808,0x4608,0x4921,0x2600,0x8710,0x6708,0x6808,0x6808,0x6808,0x6808,0x6808,0x6808,0x4708,0x6808,0x6808,0x6808,0x6808,0xA810,0x0400,0x0500,0x0600,0x2708,0x4808,0x6808,0x6808,0x6808,0x6808,0x6808,0x6808,0x6808,0x6808,0x6808,0x6808,0x6808,0x6808,0x6808,0x6808,0x6808,0x6808,0x6808,0x6808,0x6808,0x6808,0x6808,0x6808,0x6808,0x6808,0x6808,0x6808,0x6808,0x6808,0x6808,0x6808,0x6808,0x6808,0x6808,0x6808,
    0x6808,0x6808,0x6808,0x6808,0x6808,0x6808,0x6808,0x6808,0x6808,0x6808,0x6808,0x6808,0x6808,0x6808,0x6808,0x6808,0x6808,0x6808,0x6808,0x6808,0x6808,0x6808,0x6808,0x6808,0x6808,0x6808,0x4808,0x2700,0x4808,0x2700,0x0500,0x2700,0x2700,0x4C42,0x4929,0xA710,0x0500,0xCF73,0xFADE,0xD7B5,0x4F8C,0x0B63,0x2B63,0x2E84,0xB7B5,0xF7B5,0xB6AD,0x117C,0x8C4A,0xA510,0x2942,0xFFFF,0xFFFF,0xFFFF,0xFFFF,0xFFFF,0xFFFF,0xFFFF,0xFFFF,0xFFFF,0xFFFF,0xFFFF,0xFFF7,0xDFF7,0xFFF7,0xFFF7,0xFFFF,0xFFFF,0xFFFF,0x7DEF,0xFFF7,0xD494,0xAA31,0x0500,0x4808,0x6808,0x6808,0x6808,0x6808,0x6808,0x6808,0x6808,0x6808,0x6808,0x6708,0xAF6B,0xCA39,0x6F6B,0x317C,0xEC52,0x5184,0x2A42,0x6808,0x6808,0x6808,0x6808,0x6808,0x6808,0x6808,0x4808,0x6929,0x0B42,0x8A29,0xC818,0x4C42,0x8D4A,0x4C4A,0x2921,0x8A31,0x2700,0x4808,0x6808,0x6808,0x6808,0x6808,0xC918,0x6808,0x6808,0x6808,0x4708,0xC710,0xD39C,0x3BEF,0xB194,0x0C3A,0x4929,0x8708,0x2700,0x6808,0x6808,0x6808,0x6808,0x6808,0x6808,0x6808,0x6808,0x6808,0x6808,0x6808,0x6808,0x6808,0x6808,0x6808,0x6808,0x6808,0x6808,0x6808,0x6808,0x6808,0x6808,0x6808,0x6808,0x6808,0x6808,0x6808,0x6808,0x6808,0x6808,0x6808,0x6808,
    0x6808,0x6808,0x6808,0x6808,0x6808,0x6808,0x6808,0x6808,0x6808,0x6808,0x6808,0x6808,0x6808,0x6808,0x6808,0x6808,0x6808,0x6808,0x6808,0x6808,0x6808,0x6808,0x6808,0x6808,0x6808,0x0700,0x0821,0xAB52,0x4829,0xC931,0x728C,0x2821,0x0700,0xE939,0x6831,0x6A4A,0xA931,0xEE7B,0x2721,0xA631,0xC939,0x6F94,0x8F94,0xCF9C,0xBFEF,0xF17B,0xE818,0x0600,0xAD73,0xD4BD,0x7DEF,0xFFFF,0xFFFF,0xFFFF,0xFFFF,0xFFF7,0xFFF7,0xFFF7,0xFFF7,0xFFF7,0xFFF7,0xFFF7,0xFFF7,0xFFF7,0xFFF7,0xFFF7,0xFFF7,0xFFF7,0xDFF7,0x1DD7,0x4C63,0xAA4A,0x0700,0x6808,0x6808,0x6808,0x6808,0x6808,0x6808,0x6808,0x6808,0x6808,0x6808,0x6808,0x6808,0xA810,0x894A,0xB4AD,0x4929,0x2A3A,0x2721,0x2700,0x4808,0x6808,0x6808,0x6808,0x6808,0x6808,0x6808,0x6808,0x4808,0x4708,0x4808,0x6808,0x2708,0x0600,0x0600,0x0500,0x0500,0x2821,0x8A29,0x4808,0x6808,0x6808,0x6808,0x6808,0x6808,0x6808,0x4808,0x4808,0x0800,0x0600,0x0600,0x0400,0xC818,0xCD7B,0xED7B,0x8929,0x4708,0xC918,0x2700,0x6808,0x6808,0x6808,0x6808,0x6808,0x6808,0x6808,0x6808,0x6808,0x6808,0x2800,0x0700,0x2800,0x6808,0x4808,0x4808,0x6808,0x6808,0x6808,0x6808,0x6808,0x6808,0x6808,0x6808,0x6808,0x6808,0x6808,0x6808,0x6808,
    0x6808,0x6808,0x6808,0x6808,0x6808,0x6808,0x6808,0x6808,0x6808,0x6808,0x6808,0x6808,0x6808,0x6808,0x6808,0x6808,0x6808,0x6808,0x6808,0x6808,0x6808,0x6808,0x6808,0x6808,0x2800,0x2A29,0x2921,0x8710,0xAB5A,0xCD83,0xE839,0x4C6B,0x494A,0x4921,0x4D4A,0x5384,0x2D63,0x4F6B,0xA731,0x7DE7,0xEF7B,0xCE7B,0x3084,0xD394,0xE939,0x0400,0x2700,0x6808,0x0700,0xC818,0x0819,0x4500,0x4600,0x8931,0xD7B5,0xFFFF,0xFFF7,0xFFF7,0xFFF7,0xFFF7,0xFFF7,0xFFF7,0xFFF7,0xFFF7,0xFFF7,0xFFF7,0xDFF7,0xFFFF,0xDFF7,0xFFFF,0x1395,0x4942,0x4808,0x6808,0x6808,0x6808,0x6808,0x6808,0x6808,0x6808,0x6808,0x6808,0x6808,0x6808,0x6808,0x6808,0x0700,0x0500,0x4808,0x2808,0x4808,0x6808,0x6808,0x6808,0x6808,0x6808,0x6808,0x6808,0x6808,0x6808,0x6808,0x6808,0x6808,0x4808,0x0600,0x317C,0x1295,0xD07B,0xCD52,0x4C4A,0x6708,0x2800,0x6808,0x4808,0x6808,0x4808,0x6808,0x0800,0x0821,0xA839,0x284A,0x4B6B,0xEB83,0x8A73,0x897B,0x286B,0x6B73,0xAA7B,0xEB83,0x486B,0xA931,0x0800,0x2800,0x4808,0x2808,0x0800,0x2800,0x4808,0x6808,0x6808,0x4800,0x674A,0x2C63,0x2942,0x6808,0x0821,0x2821,0x4808,0x6808,0x6808,0x6808,0x6808,0x6808,0x6808,0x6808,0x6808,0x6808,0x6808,0x6808,0x6808,
    0x4808,0x6808,0x6808,0x6808,0x6808,0x6808,0x6808,0x6808,0x4808,0x4808,0x2808,0x4808,0x4808,0x4808,0x4808,0x6808,0x6808,0x6808,0x6808,0x6808,0x6808,0x6808,0x6808,0x2800,0x0942,0xE88B,0xE983,0xCA7B,0xA85A,0x8831,0x0921,0xE818,0xCD83,0x2921,0xE818,0xCA7B,0x0C84,0x8D42,0x52AD,0x6829,0xCE7B,0x8C73,0x284A,0x6B73,0xAA52,0x3184,0xE818,0x0600,0x0700,0x2700,0x4808,0x4808,0x4808,0x2700,0x0400,0xCD73,0xFFFF,0xFFFF,0xFFF7,0xFFF7,0xFFF7,0xFFF7,0xFFF7,0xFFF7,0xDFF7,0xDFF7,0xFFF7,0xBCCE,0x307C,0xC952,0x4721,0x0600,0x6808,0x6808,0x6808,0x6808,0x6808,0x6808,0x6808,0x6808,0x6808,0x6808,0x6808,0x6808,0x6808,0x6808,0x6808,0x6808,0x6808,0x6808,0x4808,0x4808,0x4808,0x6808,0x6808,0x6808,0x6808,0x6808,0x6808,0x6808,0x6808,0x6808,0x4808,0x4821,0x8E8C,0xE818,0x0600,0x0700,0x2700,0x0700,0x6808,0x0742,0x6808,0xE718,0xA710,0xA710,0xA85A,0xE862,0x686B,0x6773,0x486B,0x4873,0x086B,0x286B,0x696B,0x086B,0xC65A,0xA65A,0xC652,0x0663,0x6752,0xA752,0x474A,0x8731,0xA839,0xE65A,0x2642,0xE418,0x0800,0x0800,0x2808,0x0800,0xA731,0xC739,0xC818,0x6808,0x0800,0x2800,0x4808,0x4800,0x4808,0x6808,0x6808,0x6808,0x6808,0x6808,0x6808,0x6808,0x6808,0x6808,
    0x2821,0x4800,0x6808,0x6808,0x6808,0x6808,0x4808,0x2800,0xC718,0x6729,0xE639,0x8729,0x2721,0x2821,0xE818,0x8810,0x8810,0x0800,0x0800,0x0800,0x0800,0x8808,0xC608,0xC810,0x0800,0x0921,0x0800,0x2821,0x296B,0x8A7B,0xC983,0xC983,0x6873,0xE75A,0x0721,0x4808,0x8810,0x6973,0x484A,0x0700,0x0C63,0xCB7B,0xC95A,0xAB7B,0x286B,0x4A73,0x6F94,0xF39C,0xB073,0xAA31,0x2700,0x6808,0x6808,0x6808,0x4808,0xE618,0xC631,0x96AD,0xFFFF,0xFFF7,0xFFF7,0xFFF7,0xFFF7,0xFFF7,0xFFF7,0xFFFF,0xFFF7,0x8E6B,0xB38C,0x2C8C,0x4921,0x4808,0x6808,0x6808,0x6808,0x6808,0x8810,0x6808,0x6808,0x6808,0x6808,0x6808,0x6808,0x6808,0x6808,0x6808,0x6808,0x2808,0x4708,0x6708,0x6721,0xA729,0xE739,0xA810,0x0800,0x2800,0x4808,0x4808,0x6808,0x6808,0x4808,0x4808,0x2800,0x6829,0xC739,0x2800,0xE818,0x0800,0x0800,0xE810,0x876B,0x8973,0x2542,0x876B,0x676B,0x676B,0x453A,0xE65A,0xE65A,0xE65A,0x0763,0xC552,0x6442,0xA54A,0xE652,0xC652,0x2863,0x4973,0x086B,0xA552,0xC552,0xC552,0xC44A,0xE552,0x055B,0xE75A,0x4763,0x674A,0x063A,0xC552,0x6442,0xA44A,0x055B,0x055B,0x255B,0x2563,0x4563,0x2642,0xA731,0x074A,0xC631,0x0900,0x0800,0x0800,0x2800,0x4808,0x4808,0x2800,0x0800,0x6808,
    0xE839,0xA710,0x0800,0x2800,0x6808,0x2800,0x6729,0x4663,0x466B,0x676B,0x476B,0x065B,0x2663,0x066B,0xE662,0xC55A,0xE562,0x055B,0x854A,0xA54A,0x623A,0x634A,0x8452,0x8452,0x8552,0x8873,0x8973,0x2742,0xE85A,0xC731,0x073A,0xC731,0x263A,0x874A,0x282A,0x8919,0x686B,0x8721,0xE75A,0x0863,0x494A,0x0800,0xCB7B,0x6842,0xCA09,0x8B2A,0xA652,0x8642,0xE862,0x74AD,0x8931,0x0700,0x2800,0x6808,0x6808,0x4808,0x2421,0xEB5A,0xFFFF,0xFFF7,0xFFF7,0xFFF7,0xFFFF,0xFFFF,0xFFFF,0x9ACE,0x76A5,0x948C,0xCE52,0x0600,0x2800,0x4808,0x4808,0x4808,0x6808,0x6808,0x6808,0x6808,0x6808,0x6808,0x6808,0x6808,0x6808,0x6808,0x6808,0x4808,0xA608,0xC429,0x0553,0xE452,0xA34A,0x623A,0x023A,0x8142,0x8342,0x4442,0xE639,0x0619,0x2800,0xE718,0x0719,0x0719,0x6629,0x8529,0xA531,0xC631,0xC531,0x856B,0x0553,0x2742,0x253A,0xC552,0x6529,0x464A,0x053A,0xA552,0x065B,0xC54A,0x433A,0x8542,0x2442,0x865A,0xA65A,0xA65A,0xC65A,0x844A,0x644A,0xA552,0xC65A,0xC552,0xA552,0x844A,0xA552,0x844A,0x6342,0x433A,0x4342,0xC65A,0xE55A,0x844A,0xA452,0x0763,0xE65A,0xA552,0x844A,0x844A,0x644A,0x4342,0x6342,0x4342,0xA452,0x834A,0x256B,0xE662,0x266B,0x664A,0x6773,0x6773,0xC97B,0xC85A,
    0xE75A,0xE983,0x2663,0xE75A,0x8810,0x0819,0xC731,0xE631,0xA54A,0xA442,0x8442,0x6342,0x6342,0x2232,0x433A,0x4232,0x2132,0x4342,0x4342,0x6342,0x6342,0x4342,0x023A,0x033A,0xE439,0xA531,0xE718,0x2542,0xA552,0x854A,0xC75A,0x0863,0x8652,0xA65A,0xE662,0xE662,0xE762,0x0763,0xE962,0x0963,0xA85A,0xA85A,0x684A,0xC818,0x2808,0xE801,0x6B02,0x285B,0x8852,0x254A,0xED5A,0xCF94,0x6829,0x4808,0x6808,0x0800,0x095B,0x496B,0xFFFF,0xFFF7,0xFFF7,0xFFF7,0xBEEF,0xD294,0x6F6B,0x0400,0x0600,0x0600,0x0700,0x0719,0x0721,0x2721,0x4529,0x2721,0x4808,0x6808,0x6808,0x6808,0x6808,0x6808,0x6808,0x6808,0x6808,0x6808,0x4908,0xA608,0xE552,0xC54A,0xE131,0x4132,0xA221,0x0232,0x0232,0x0232,0x8221,0x4421,0x2521,0xE431,0x4421,0x8429,0x0332,0x8242,0x8242,0x623A,0xA242,0x623A,0x8242,0x844A,0xA44A,0x4342,0x4342,0x644A,0xC439,0xC55A,0x844A,0xA342,0x433A,0x823A,0x6232,0x833A,0xA342,0xA442,0xA44A,0xA452,0xA44A,0xC44A,0xA54A,0xC552,0xC552,0xC652,0xC552,0xC552,0xA44A,0xC342,0x644A,0x8442,0x233A,0xE65A,0xA452,0xA552,0x844A,0x8552,0xE862,0x844A,0xA552,0x844A,0xA44A,0xA44A,0xA552,0xA452,0xA452,0x8452,0x8452,0xC55A,0xC65A,0x2663,0x0763,0x0763,0x0763,0x6873,
    0x0800,0x0800,0x4829,0xC810,0xE718,0x0700,0x472A,0x8729,0x453A,0x6342,0x433A,0x0132,0xE131,0xA44A,0x8442,0x854A,0x233A,0x0232,0x8342,0x6442,0x4342,0xC652,0x286B,0xC652,0x6342,0x2342,0x2242,0xE331,0x233A,0x444A,0x2442,0x2442,0x654A,0xA55A,0x6552,0x4552,0x454A,0x2542,0xA65A,0xC75A,0xA831,0xA831,0xAA7B,0xC831,0x2808,0xA839,0xC620,0xA839,0x286B,0x296B,0xAB7B,0x6708,0x2800,0x6808,0x6808,0x6808,0x0600,0x4542,0xFFFF,0xFFFF,0xFFFF,0xFBD6,0x0200,0x0600,0x0700,0x6808,0x6808,0x6808,0x6808,0x4808,0x243A,0xC762,0x8E73,0x2621,0x4808,0x6808,0x6808,0x6808,0x6808,0x6808,0x6808,0x6808,0x4808,0x2700,0x0411,0x8242,0x2232,0x012A,0x0132,0x8608,0x2519,0x2132,0x0232,0xC229,0x0232,0xA229,0x4421,0xC329,0x4132,0x2132,0x012A,0x012A,0x012A,0x4132,0x4132,0x012A,0x633A,0x2232,0x2232,0x012A,0x423A,0x2342,0x2342,0x2342,0xC231,0x423A,0x4232,0x823A,0xE231,0x6232,0x823A,0xA23A,0x823A,0x623A,0x8342,0xA342,0xC342,0xA242,0xA342,0x8342,0xA342,0xA23A,0x823A,0x823A,0x8342,0x4342,0xA342,0x8442,0x8442,0xA54A,0xA44A,0xC65A,0xC552,0x844A,0xC65A,0xE662,0xC552,0xA44A,0x8442,0x844A,0xE55A,0xC552,0x0763,0xE552,0xE552,0xE452,0x0553,0x055B,0x255B,0xA631,
    0x6808,0x6808,0x4808,0x4808,0x2808,0x8800,0xE442,0xE352,0x8342,0x8342,0x223A,0xA54A,0xAA63,0x8342,0x6963,0xC44A,0xC752,0x085B,0xE131,0x0132,0x223A,0x223A,0x433A,0xA652,0x844A,0x0132,0x4342,0x4342,0xC329,0x2432,0xA329,0x043A,0x444A,0x244A,0x0442,0x0442,0x0442,0x634A,0xA531,0x0800,0x4808,0x2800,0x2700,0x0821,0x8810,0xC739,0x474A,0x294A,0x2800,0x0821,0xE818,0x6808,0x6808,0x6808,0x6808,0x6808,0x6808,0x0600,0x129D,0x3BE7,0xFFFF,0x0400,0x4808,0x6808,0x6808,0x6808,0x6808,0x6808,0x6808,0x6808,0x2808,0x0800,0x0700,0x4808,0x6808,0x6808,0x8710,0x6808,0x6808,0x4808,0x6808,0x4808,0x6321,0x475B,0xC342,0x6342,0xE131,0x8219,0x0A00,0x6421,0x4132,0xA221,0xA221,0x4419,0xC221,0x4411,0x012A,0x212A,0x212A,0x422A,0x012A,0x012A,0x412A,0x212A,0x0122,0x012A,0xE129,0x4132,0x223A,0x2132,0xE229,0x6229,0x6229,0xA231,0x0232,0x0232,0x0232,0x223A,0x4232,0x212A,0x412A,0x012A,0x6232,0x823A,0xA242,0xA242,0x823A,0xA342,0xA342,0x833A,0x823A,0x823A,0x623A,0x8242,0x8342,0xA242,0x823A,0x823A,0xA23A,0x823A,0xA23A,0x423A,0xE75A,0xE65A,0xE55A,0xA34A,0xA34A,0xE452,0x255B,0xA64A,0x6729,0xC452,0x8521,0x045B,0x045B,0x2563,0x0553,0xA631,0xC818,0xC818,
    0x6808,0x6808,0x6808,0x8810,0x4808,0x2811,0x2711,0x8521,0x645B,0xE44A,0xC44A,0xA742,0x0611,0x0A3A,0x0600,0xA708,0x0C42,0xCE52,0x9184,0x0C7C,0xA64A,0xE129,0xC229,0x012A,0xC121,0x4132,0x2232,0x0232,0x6242,0x2132,0x6342,0xC431,0x033A,0xE339,0x4442,0x0442,0x644A,0x4352,0x0900,0x4808,0x6808,0x6808,0x6808,0x4808,0x2800,0x0442,0x8452,0xC55A,0x4673,0x6808,0x2700,0x484A,0x0800,0x6808,0x6808,0x6808,0x6808,0x6808,0x0600,0x0400,0x0721,0x2700,0x6808,0x6808,0x6808,0x6808,0x6808,0x6808,0x6808,0x6808,0x6808,0x6808,0x6808,0x6808,0x6808,0x6808,0x6808,0x0800,0x4708,0x8710,0x6808,0x4808,0x8321,0xC352,0x6219,0xA221,0xC229,0x613A,0xA510,0x6608,0xC321,0xC329,0x2419,0x222A,0x022A,0x4132,0x2232,0x422A,0x212A,0x412A,0x612A,0x412A,0x412A,0x212A,0x6232,0x212A,0x212A,0x412A,0x4232,0x223A,0xC229,0x212A,0xE131,0x012A,0x4132,0x223A,0x2132,0xE131,0x0132,0x2232,0xE121,0x2132,0x212A,0x4232,0x4132,0x4132,0x4232,0x823A,0x412A,0x212A,0x2232,0x623A,0x823A,0x6132,0x823A,0x823A,0x823A,0xA23A,0xA23A,0x823A,0xA23A,0xA34A,0xE24A,0xC429,0xC429,0xC429,0x8529,0x243A,0xC429,0x0900,0x0900,0x6521,0xA442,0x0619,0x6808,0xA710,0x0800,0x4808,0x4808,0x6808,
    0x6808,0x6808,0x6808,0x6808,0x6808,0x4808,0x4808,0x2808,0x0900,0x4619,0xE531,0xA721,0x6608,0x4808,0x6808,0x4808,0x4708,0x2700,0x0700,0xA400,0xC521,0x2E7C,0x8542,0x6442,0x6542,0xE121,0x4232,0x212A,0x6232,0x212A,0x212A,0x6342,0x444A,0x0232,0x6421,0x033A,0x033A,0x6342,0x824A,0x2521,0xC710,0x0900,0x4808,0x4808,0x6708,0x4808,0xA452,0xA55A,0xC552,0xA34A,0xA352,0x6873,0x6529,0x2800,0x6808,0x6808,0x6808,0x6808,0x6808,0x6808,0x4808,0x6808,0x6808,0x6808,0x6808,0x6808,0x6808,0x6808,0x6808,0x6808,0x6808,0x6808,0x6808,0x6808,0x6808,0x6808,0x4808,0x644A,0xA34A,0x0800,0x6808,0x6808,0x2808,0x8608,0x2719,0x8321,0x4032,0xE510,0x6808,0x0519,0x6521,0xA13A,0x813A,0x6232,0x012A,0x6232,0x823A,0x833A,0xA23A,0x2232,0x412A,0xA33A,0xA242,0xC342,0x623A,0xA23A,0x412A,0x8232,0x6232,0x8232,0xA23A,0x6232,0x6232,0x4132,0x4132,0x2132,0x2132,0x6232,0x6232,0x412A,0x412A,0x4232,0x4232,0x6232,0x0122,0x422A,0x412A,0x4132,0x4232,0x633A,0x8442,0x633A,0xC552,0xA44A,0x8342,0x8242,0x6242,0x6342,0x633A,0x823A,0xC23A,0x8442,0x6708,0x2808,0x4808,0x4808,0x4808,0x2800,0x2808,0x0619,0x0243,0x624B,0x2619,0x2808,0x6808,0x6808,0x6808,0x6808,0x6808,0x6808,
    0x6808,0x6808,0x6808,0x6808,0x6808,0x2808,0xA810,0x2719,0x6621,0x8808,0x2808,0x2808,0x6808,0x6808,0x6808,0x6808,0x6808,0x6808,0x6808,0x4808,0x8608,0xC300,0x2853,0xC121,0xA121,0xA121,0x4232,0xC342,0x022A,0x623A,0x212A,0x022A,0xA119,0xA221,0xE229,0x4232,0x012A,0xE229,0xE229,0x413A,0x4142,0x223A,0x8529,0xE718,0x8710,0xC531,0x4342,0xE331,0x033A,0x4342,0xE239,0x2342,0xA34A,0x8429,0x6808,0x6808,0x6808,0x6808,0x6808,0x6808,0x6808,0x6808,0x6808,0x6808,0x6808,0x6808,0x6808,0x6808,0x6808,0x6808,0x6808,0x6808,0x6808,0x6808,0x6808,0x4808,0x6521,0xA421,0xE342,0x4621,0x0800,0x6808,0x0800,0xC710,0x2432,0xC529,0x4808,0x8710,0x8710,0xA33A,0x224B,0xA23A,0x6232,0xC242,0xA23A,0xA23A,0xA23A,0xA23A,0x823A,0xE44A,0xE44A,0xC44A,0xE44A,0xE44A,0x044B,0x6232,0x4132,0xE34A,0xC342,0xE34A,0xE44A,0x044B,0x0453,0x2453,0x4553,0x034B,0xC342,0xC23A,0x833A,0xA33A,0xA442,0xE121,0x6232,0x012A,0xA23A,0x022A,0x212A,0x813A,0x8521,0x8342,0xA44A,0x8342,0x8242,0x823A,0x823A,0x823A,0x4232,0x823A,0x623A,0x823A,0xA529,0x0800,0x2900,0x4808,0x6808,0x6808,0x6808,0x6808,0x0800,0xE242,0xA23A,0xA33A,0x0800,0x8810,0x6808,0x6808,0x6808,0x6808,0x6808,0x6808,
    0x6808,0x8810,0xC810,0x6808,0x6808,0x2819,0x4808,0x4808,0x4808,0x6808,0x6808,0x6808,0x6808,0x6808,0x6808,0x6808,0x6808,0x6808,0x6808,0x6808,0x6808,0xC610,0xE410,0xC74A,0xC029,0x012A,0xE329,0x864A,0x012A,0x244B,0x6763,0x4763,0x265B,0x465B,0x823A,0x4232,0x0222,0x0232,0x2232,0xE229,0xE229,0xE131,0x213A,0x223A,0x0800,0x6242,0xE231,0x223A,0x023A,0x023A,0x0232,0xC229,0x012A,0x022A,0x803A,0x8710,0x6808,0x6808,0x6808,0x6808,0x6808,0x6808,0x6808,0x6808,0x6808,0x6808,0x6808,0x6808,0x6808,0x6808,0x6808,0x6808,0x6808,0x6808,0x4808,0x8521,0x015C,0x8708,0xA342,0xE46B,0x8629,0x0900,0x843A,0x2453,0x044B,0x044B,0xC242,0x034B,0x635B,0xE34A,0xC342,0xC342,0xA342,0xA342,0xC342,0xA242,0x2553,0x044B,0xE342,0x044B,0xC342,0xA54A,0x0553,0x065B,0x065B,0x6132,0x4663,0x265B,0x2763,0x265B,0x0553,0x065B,0x486B,0x486B,0x4863,0x265B,0xE54A,0x044B,0xA232,0xC019,0x433A,0x0122,0x012A,0x6342,0x8442,0x633A,0x823A,0xA421,0x0332,0xE34A,0xA23A,0xA23A,0x823A,0x612A,0xA23A,0x8132,0xC23A,0x8232,0x412A,0x4232,0x8132,0x823A,0x4232,0xE531,0x4808,0x6808,0x6808,0x6808,0x4808,0x0432,0x4332,0x0900,0x6808,0x6808,0x6808,0x6808,0x8808,0x6808,0x8808,0x8808,
    0x6808,0x6808,0x4808,0x6808,0x6808,0x6808,0x6808,0x6808,0x6808,0x6808,0x6808,0x6808,0x6808,0x6808,0x6808,0x6808,0x6808,0x6808,0x6808,0x6808,0x6808,0x6808,0x2908,0x8219,0x8842,0x4542,0xE129,0xC221,0x2442,0x686B,0xCC83,0xEC83,0xCB7B,0x6763,0x2653,0xE342,0x0343,0x0232,0xC229,0x8221,0xA221,0x212A,0x2132,0x4132,0x413A,0x2232,0x0232,0xE229,0xE229,0xC121,0x4319,0xC229,0x6319,0x2419,0x4419,0x4708,0x4808,0x6808,0x6808,0x6808,0x6808,0x6808,0x6808,0x6808,0x6808,0x6808,0x6808,0x6808,0x6808,0x6808,0x6808,0x6808,0x6808,0x6808,0x6808,0x4808,0x0900,0x6708,0xC529,0x2621,0xE631,0x455B,0xE342,0xA342,0x833A,0xA342,0xA342,0xC342,0xE34A,0x044B,0xE34A,0xE44A,0xC242,0xC44A,0x4453,0x244B,0x054B,0x0553,0x0553,0x465B,0x4963,0x686B,0x265B,0x4763,0x696B,0x686B,0x696B,0x8A73,0xAB73,0x8B7B,0x8A73,0x686B,0x2663,0x686B,0xAA73,0x496B,0x044B,0x6132,0x0232,0xC65A,0x496B,0x4A6B,0xC54A,0x8342,0xC652,0xA242,0x222A,0x0553,0x212A,0x212A,0xE552,0x696B,0x0553,0xE342,0x8132,0xC23A,0xE342,0x044B,0x4232,0x212A,0xA33A,0x8232,0x0619,0x412A,0x2808,0x6808,0x6808,0x6808,0x4808,0xE610,0x2800,0x6808,0x6808,0x6808,0x6808,0x6808,0x6808,0x6808,0x6808,0x6808,
    0x6808,0x6808,0x6808,0x6808,0x6808,0x6808,0x6808,0x6808,0x6808,0x6808,0x6808,0x6808,0x6808,0x6808,0x6808,0x6808,0x6808,0x6808,0x6808,0x6808,0x6808,0x6808,0x6808,0x2908,0xE408,0x8219,0x2542,0x8442,0xC121,0x443A,0x6F9C,0xCB7B,0x8A73,0x686B,0x2653,0x2553,0x2653,0x8342,0x4132,0xE229,0x2519,0xC610,0x212A,0x6132,0x823A,0x4232,0xE229,0x212A,0x212A,0x032A,0x222A,0x6708,0x4808,0x4808,0x813A,0xC042,0xE610,0x4808,0x6808,0x6808,0x6808,0x6808,0x6808,0x6808,0x6808,0x6808,0x6808,0x6808,0x6808,0x6808,0x6808,0x6808,0x6808,0x6808,0x6808,0x6808,0x6808,0x2800,0xE531,0x455B,0x455B,0x465B,0x244B,0x8342,0xE342,0x823A,0x6232,0x265B,0x833A,0xE34A,0x6232,0xE44A,0x4553,0x4453,0x0553,0xE64A,0x245B,0x2553,0x265B,0x275B,0xE75A,0x4E94,0xCC8B,0xCC8B,0xAB7B,0xAB7B,0xED83,0x4E94,0x4E94,0xCC7B,0xCC83,0xCC83,0xAB7B,0xAB7B,0xAC7B,0xAB7B,0x8973,0x275B,0x6863,0x2863,0x0D8C,0xCEB4,0xAFAC,0x0763,0xE652,0x4963,0x896B,0xC64A,0xA54A,0x4863,0xAB7B,0x0E8C,0xCD83,0xE34A,0xC342,0x2553,0xE23A,0x6132,0x8232,0xC34A,0x8232,0x402A,0x4808,0x4519,0x6808,0x6808,0x6808,0x6808,0x8808,0x4808,0x6808,0x6808,0x6808,0x6808,0x6808,0x6808,0x6808,0x6808,0x6808,0x6808,
    0x6808,0x6808,0x6808,0x6808,0x6808,0x6808,0x6808,0x6808,0x6808,0x6808,0x6808,0x6808,0x6808,0x6808,0x6808,0x6808,0x6808,0x6808,0x6808,0x6808,0x6808,0x6808,0x6808,0x6808,0x4808,0x4022,0x4973,0x4863,0xE129,0x4442,0x6442,0x6A73,0xCC7B,0xCB7B,0x4763,0x265B,0x2553,0xE44A,0xC342,0x232A,0x8132,0x2519,0xE321,0x4419,0xE221,0x412A,0xA23A,0xC342,0xA23A,0xA132,0xA132,0x0432,0xA421,0x8710,0x2900,0x4808,0xA710,0x6808,0x6808,0x6808,0x6808,0x6808,0x6808,0x6808,0x6808,0x6808,0x6808,0x6808,0x6808,0x6808,0x6808,0x6808,0x6808,0x6808,0x6808,0x6808,0x4808,0x4808,0x0800,0xA74A,0x234B,0x0243,0xA23A,0xA442,0x8442,0x0432,0x813A,0xE34A,0x465B,0x2553,0x823A,0x212A,0xA76B,0xE731,0x2842,0x465B,0x8519,0x855B,0x675B,0xAA73,0x4F94,0xC539,0x0613,0x2B64,0x10B5,0x30C5,0x2C7C,0x2FBD,0x70C5,0x10B5,0xEFB4,0x6EA4,0x6E8C,0xCE9C,0x6F9C,0xCA73,0x285B,0xAB7B,0x51BD,0x50CD,0xCC83,0x4D9C,0xAFAC,0x6EA4,0x8EA4,0x4C8C,0x4F9C,0x6FA4,0x8FA4,0x4F9C,0xEC83,0xAB7B,0xCB7B,0xE442,0xCC7B,0x896B,0xE442,0xA23A,0x244B,0xC23A,0x402A,0xC610,0x2808,0xE610,0x4808,0x8808,0x8710,0x6808,0x6808,0x6808,0x6808,0x6808,0x6808,0x6808,0x6808,0x6808,0x6808,0x6808,0x6808,0x6808,
    0x6808,0x6808,0x6808,0x6808,0x6808,0x6808,0x6808,0x6808,0x6808,0x6808,0x6808,0x6808,0x6808,0x6808,0x6808,0x6808,0x6808,0x6808,0x6808,0x6808,0x6808,0x6808,0x6808,0x6808,0xA710,0xE019,0x6B7B,0x2963,0x0763,0x496B,0xA54A,0x8A7B,0xCC83,0x496B,0x8973,0x6763,0x265B,0xE442,0xE44A,0xE34A,0x2353,0xC710,0x4253,0x8829,0xE54A,0x0532,0xA23A,0x8132,0x6232,0xE610,0xA710,0x0511,0x2808,0x6808,0x6808,0x6808,0x6808,0x6808,0x6808,0x6808,0x6808,0x6808,0x6808,0x6808,0x6808,0x6808,0x6808,0x6808,0x6808,0x6808,0x6808,0x6808,0x6808,0x6808,0x6808,0x4808,0x2519,0xC510,0xA608,0xA321,0x645B,0x8442,0xA552,0x2621,0xE631,0x0653,0x2800,0xA442,0xC242,0xA242,0x2553,0x655B,0xA84A,0x0800,0x0800,0x2800,0x0800,0x4419,0x0243,0x265B,0xC76B,0x0700,0x093A,0x16FF,0x33EE,0x58F7,0x6B74,0x54EE,0xB1D5,0xAEA4,0xAEAC,0x6E9C,0x4D94,0x0C8C,0x896B,0x686B,0x2653,0x6863,0x496B,0xCB83,0x2D94,0xAB7B,0x2E8C,0x709C,0xB0AC,0xAFB4,0xAFB4,0xF0C4,0x91DD,0xB2E5,0x31D5,0x8FA4,0x6863,0x4C8C,0x0C7C,0xE44A,0x8232,0xA23A,0xE13A,0xA032,0xA710,0x4808,0x8708,0x003B,0x4519,0x6808,0x6808,0x6808,0x6808,0x6808,0x6808,0x6808,0x6808,0x6808,0x6808,0x6808,0x6808,0x6808,0x6808,0x6808,
    0x6808,0x6808,0x6808,0x6808,0x6808,0x6808,0x6808,0x6808,0x6808,0x6808,0x6808,0x6808,0x6808,0x6808,0x6808,0x6808,0x6808,0x6808,0x6808,0x6808,0x6808,0x6808,0x6808,0x6808,0xA608,0x0132,0x4A73,0x0D8C,0x8B7B,0x8E9C,0xC652,0x6E9C,0x8973,0xAB73,0xAB73,0x686B,0x054B,0xE44A,0xE44A,0xE442,0x034B,0x2532,0x2453,0x4632,0x232A,0xA13A,0xA13A,0xA23A,0x2519,0x2808,0x6808,0x4808,0x6808,0x6808,0x6808,0x6808,0x6808,0x6808,0x6808,0x6808,0x6808,0x6808,0x6808,0x6808,0x6808,0x6808,0x6808,0x6808,0x6808,0x6808,0x6808,0x6808,0x6808,0x6808,0x6808,0x0800,0x045B,0x2B8C,0x886B,0x4B94,0xA652,0x6708,0x0800,0xA810,0xA710,0xA729,0x265B,0xEA20,0x6721,0x2553,0xE44A,0x4663,0x4721,0x8608,0x6321,0x0532,0xC510,0x2700,0x8521,0xA23A,0xE44A,0x653A,0x0700,0x8B3A,0x57F7,0x55DE,0xEEBC,0x70DD,0x72CD,0x2E9C,0x2C94,0x2863,0xC44A,0x486B,0xC95A,0x4A6B,0x4D94,0xCEA4,0xADA4,0x52BD,0x32B5,0x12B5,0xD0AC,0x32C5,0x11B5,0xF0BC,0x11C5,0x70CD,0x8DA4,0x4D9C,0x2E94,0x4963,0xE44A,0x8663,0x034B,0xC13A,0x412A,0x4232,0x0900,0x0900,0x6808,0x4808,0x8519,0x8708,0x2808,0x6808,0x6808,0x6808,0x6808,0x6808,0x6808,0x6808,0x6808,0x6808,0x6808,0x6808,0x6808,0x6808,0x6808,0x6808,
    0x6808,0x6808,0x6808,0x6808,0x6808,0x6808,0x6808,0x6808,0x6808,0x6808,0x6808,0x6808,0x6808,0x6808,0x6808,0x6808,0x6808,0x6808,0x6808,0x6808,0x6808,0x6808,0x6808,0x6808,0x0800,0x4563,0x654A,0x8FA4,0xCC83,0xAEA4,0x6973,0xAB83,0x233A,0x2963,0xCB7B,0xA973,0x686B,0x054B,0x044B,0xE34A,0xE442,0xE242,0xE242,0xC23A,0xA23A,0xC242,0x833A,0x0900,0x4808,0x6808,0x6808,0x6808,0x6808,0x6808,0x6808,0x6808,0x6808,0x6808,0x6808,0x6808,0x6808,0x6808,0x6808,0x6808,0x6808,0x6808,0x6808,0x8710,0x6808,0x6808,0x6808,0x6808,0x6808,0x6808,0x6808,0x4808,0xC673,0x476B,0xEB8B,0x0A8C,0x0800,0x8810,0x2800,0xE818,0xC818,0x0800,0x0800,0xE639,0x6810,0x055B,0xE818,0xC818,0xC773,0xE97B,0x0FB5,0x6C94,0x2B8C,0xC87B,0x8773,0xAB7B,0x4763,0x2B84,0x0700,0xC931,0x74EE,0x50CD,0x51D5,0x71DD,0x0EAD,0x6DA4,0x286B,0x2863,0x8B7B,0x0C8C,0xCEAC,0x53EE,0x13E6,0xF2E5,0x33EE,0xB6E6,0x72CD,0xF3D5,0x31BD,0x0C8C,0xAFAC,0x72D5,0x51DD,0xEFBC,0xB0B4,0xAC7B,0x4863,0x2453,0x2343,0xA500,0xA629,0x0532,0xA23A,0x0900,0x6808,0x6808,0x6808,0x0900,0x003B,0x2800,0x6808,0x6808,0x6808,0x6808,0x6808,0x6808,0x6808,0x6808,0x6808,0x6808,0x6808,0x6808,0x6808,0x6808,0x6808,0x6808,
    0x6808,0x6808,0x6808,0x6808,0x6808,0x6808,0x6808,0x6808,0x6808,0x6808,0x6808,0x6808,0x6808,0x6808,0x6808,0x6808,0x6808,0x6808,0x6808,0x6808,0x6808,0x6808,0x6808,0x6808,0x4808,0xE718,0xC97B,0x8A73,0x4E9C,0x6A7B,0xEDA3,0x4DA4,0x864A,0x0963,0xC97B,0xA973,0x8773,0x455B,0xE34A,0x823A,0xE342,0xE342,0xE242,0xA23A,0xA23A,0x0143,0xA708,0x6808,0x6808,0x6808,0x6808,0x6808,0x6808,0x6808,0x6808,0x6808,0x6808,0x6808,0x6808,0x6808,0x6808,0x6808,0x6808,0x6808,0x6808,0x6808,0x6808,0x6808,0x8808,0x6808,0x6808,0x6808,0x6808,0x6808,0x6808,0x2800,0xC839,0x0863,0x484A,0xA810,0x4700,0x0719,0x2721,0x0621,0xC939,0xA810,0x484A,0x2800,0x4808,0x4721,0x2829,0x2800,0x474A,0xC95A,0x2C94,0x8852,0x6973,0x2B94,0x0B8C,0x286B,0x4E94,0xAA7B,0x0611,0x8400,0x2FB5,0x8EA4,0xEEB4,0xEFBC,0x10C5,0xD2D5,0x2FBD,0x2A6B,0x8B7B,0xCD83,0xCFA4,0x90C5,0xB1D5,0x51BD,0xB19C,0x6F9C,0x71C5,0xF2D5,0x51BD,0x10B5,0x0653,0xE752,0xD0BC,0x4E9C,0x6A6B,0x285B,0x0553,0x234B,0x676B,0xE542,0x8708,0x2800,0x024B,0x6421,0x2808,0x2808,0x8710,0x4332,0xE429,0x4808,0x6808,0x6808,0x6808,0x6808,0x6808,0x6808,0x6808,0x6808,0x6808,0x6808,0x6808,0x6808,0x6808,0x6808,0x6808,0x6808,
    0x6808,0x6808,0x6808,0x6808,0x6808,0x6808,0x6808,0x6808,0x6808,0x6808,0x6808,0x6808,0x6808,0x6808,0x6808,0x6808,0x6808,0x6808,0x6808,0x6808,0x6808,0x6808,0x6808,0x6808,0x6808,0x0800,0xE841,0x6C9C,0x31BD,0xED8B,0x086B,0x8B7B,0xED8B,0x8C7B,0xCA7B,0x8973,0x876B,0xE44A,0x813A,0x2553,0xC342,0x0343,0xA23A,0x823A,0x2253,0xA33A,0x8708,0x6808,0x6808,0x6808,0x6808,0x6808,0x6808,0x6808,0x6808,0x6808,0x6808,0x6808,0x6808,0x6808,0x6808,0x6808,0x6808,0x6808,0x6808,0x6808,0x6808,0x6808,0x6808,0x6808,0x6808,0x6808,0x6808,0x6808,0x6808,0x6808,0x0600,0xC95A,0xCB62,0xAC93,0x4FD5,0xF1F5,0x52EE,0xD4FE,0x4EC5,0x0600,0x0700,0x6808,0x6808,0x0700,0x2700,0xC818,0x2800,0x0800,0xC818,0x0600,0x11DE,0xB4F6,0x73FE,0x12E6,0xAB83,0x6EA4,0x10BD,0x91D5,0xB2DD,0x11BD,0xF0BC,0x30CD,0xAFB4,0x0D8C,0xEC8B,0x0963,0x2232,0x0863,0x919C,0x4F94,0x4F94,0x8FA4,0xAFAC,0x4E9C,0xAC83,0xEC93,0x8973,0xAB83,0x4663,0x0453,0x6A6B,0xC64A,0xE54A,0x075B,0x034B,0x234B,0x6353,0xE710,0x2808,0x0900,0x8332,0xA710,0xE610,0x6232,0xA33A,0x6419,0xC818,0x6808,0x6808,0x6808,0x6808,0x6808,0x6808,0x6808,0x6808,0x6808,0x6808,0x6808,0x6808,0x6808,0x6808,0x6808,0x6808,0x6808,
    0x6808,0x6808,0x6808,0x6808,0x6808,0x6808,0x6808,0x6808,0x6808,0x6808,0x6808,0x6808,0x6808,0x6808,0x6808,0x6808,0x6808,0x6808,0x6808,0x6808,0x6808,0x6808,0x6808,0x6808,0x6808,0x6808,0x2800,0x0700,0xADA4,0xD2D5,0x0D94,0x6A73,0x6EAC,0x2D9C,0x0E94,0xAC7B,0xA873,0x2553,0x4232,0xC342,0x813A,0xE142,0xE34A,0x024B,0x6519,0x0900,0x6808,0x6808,0x6808,0x6808,0x6808,0x6808,0x6808,0x6808,0x6808,0x6808,0x6808,0x6808,0x6808,0x6808,0x6808,0x6808,0x6808,0x6808,0x6808,0x6808,0x6808,0x6808,0x6808,0x6808,0x6808,0x6808,0x6808,0x6808,0x6808,0x2700,0xCFBC,0x0C94,0x91E5,0x10ED,0x71F5,0xB1F5,0x34F7,0xD6F7,0xF3FE,0x4D9C,0xCA62,0x0500,0x0600,0x0D94,0x6B4A,0x0400,0x0600,0x0700,0x0600,0x6731,0xF2E5,0x71F5,0xD2F5,0xD2C5,0xD2D5,0x2DA4,0xED93,0xD0AC,0x11B5,0x52CD,0xB0AC,0x72CD,0x30B5,0x8EA4,0x0FB5,0x2FB5,0x4B84,0x8032,0x6B73,0x8EA4,0x4E9C,0x8FAC,0x6EA4,0x4EA4,0x0B8C,0x476B,0x4763,0xE44A,0xE552,0xA242,0x012A,0x6132,0x6132,0xC342,0x655B,0x865B,0x6553,0x046C,0xA808,0x4808,0x2808,0xE710,0x2332,0x6708,0x2808,0x4808,0x4808,0x6808,0x6808,0x6808,0x6808,0x6808,0x6808,0x6808,0x6808,0x6808,0x6808,0x6808,0x6808,0x6808,0x6808,0x6808,0x6808,0x6808,
    0x6808,0x6808,0x6808,0x6808,0x6808,0x6808,0x6808,0x6808,0x6808,0x6808,0x6808,0x6808,0x6808,0x6808,0x6808,0x6808,0x6808,0x6808,0x6808,0x6808,0x6808,0x6808,0x6808,0x6808,0x6808,0x6808,0x6808,0x0700,0xAB5A,0xC618,0x4B94,0x065B,0x8FA4,0x4D9C,0xAEAC,0x696B,0x676B,0x2253,0x4232,0x214B,0xE221,0x8529,0x633A,0xA242,0x0900,0x6808,0x6808,0x6808,0x6808,0x6808,0x6808,0x6808,0x6808,0x6808,0x6808,0x6808,0x6808,0x6808,0x6808,0x6808,0x6808,0x6808,0x6808,0x6808,0x6808,0x6808,0x6808,0x6808,0x6808,0x6808,0x6808,0x6808,0x6808,0x4808,0x0700,0x8839,0x4EA4,0x90BC,0x31E5,0x51F6,0xD2F6,0x31F6,0xF2F6,0x50EE,0xD3F6,0xF1FD,0x13FF,0xB2EE,0x0F7C,0xF9FF,0x76FF,0xFAFF,0x53DE,0x0B9D,0xF1BD,0x35F7,0xB2ED,0xD1ED,0xB3F6,0x55FF,0x15EF,0x91B5,0x8DA4,0x8FAC,0xF0B4,0x8FAC,0x90A4,0x34D6,0x51DD,0xD2DD,0xD0AC,0xCE9C,0x4D8C,0xC86B,0x8132,0x075B,0xED83,0x2D94,0x8B7B,0x897B,0x686B,0x6A6B,0x2A63,0xA552,0x844A,0x443A,0x2453,0x0353,0xA242,0xA23A,0x4353,0xE242,0x8232,0x434B,0xC831,0x4808,0x6808,0x6808,0x6808,0x6808,0x6808,0x6808,0x6808,0x6808,0x6808,0x6808,0x6808,0x6808,0x6808,0x6808,0x6808,0x6808,0x6808,0x6808,0x6808,0x6808,0x6808,0x6808,0x6808,0x6808,
    0x6808,0x6808,0x6808,0x6808,0x6808,0x6808,0x6808,0x6808,0x6808,0x6808,0x6808,0x6808,0x6808,0x6808,0x6808,0x6808,0x6808,0x6808,0x6808,0x6808,0x6808,0x6808,0x6808,0x6808,0x6808,0x6808,0x6808,0x6808,0x0700,0x6E9C,0xEA49,0x024B,0x096B,0x2E9C,0xAA7B,0x2D8C,0x886B,0x8708,0x0900,0x2800,0x4808,0x4808,0x0900,0x445B,0xC710,0x2808,0x6808,0x6808,0x6808,0x6808,0x6808,0x6808,0x6808,0x6808,0x6808,0x6808,0x6808,0x6808,0x6808,0x6808,0x6808,0x6808,0x6808,0x6808,0x6808,0x6808,0x6808,0x6808,0x6808,0x6808,0x6808,0x6808,0x8808,0x0600,0x2C6B,0x10D5,0x53F6,0x52FE,0x90E5,0xF3F6,0x11DD,0xB2E5,0xD3FE,0x72F6,0x50F5,0xB0ED,0x32E6,0x91CD,0xF8FF,0xF4F6,0xF7F7,0xD6F7,0xD7F7,0x94E6,0xD2D5,0x695A,0x51DD,0x34FF,0x70E5,0xD1F5,0xD4FE,0xF09C,0x0500,0x90C5,0x91C5,0xAE9C,0x93C5,0xD1A4,0x72C5,0xB0AC,0x8FB5,0xD1CD,0xB2D5,0x4E94,0x2A84,0xA55B,0x034B,0xE54A,0xAB6B,0xAB7B,0x6A6B,0x0953,0xE442,0x8B6B,0x4342,0xA442,0xE242,0xE242,0xC242,0xC242,0xA23A,0x034B,0x6232,0xE242,0x2808,0x6808,0x6808,0x8808,0x6808,0x6808,0x6808,0x6808,0x6808,0x6808,0x6808,0x6808,0x6808,0x6808,0x6808,0x6808,0x6808,0x6808,0x6808,0x6808,0x6808,0x6808,0x6808,0x6808,0x6808,0x6808,
    0x6808,0x6808,0x6808,0x6808,0x6808,0x6808,0x6808,0x6808,0x6808,0x6808,0x6808,0x6808,0x6808,0x6808,0x6808,0x6808,0x6808,0x6808,0x6808,0x6808,0x6808,0x6808,0x6808,0x6808,0x6808,0x6808,0x6808,0x6808,0x6808,0x4708,0x4952,0xA729,0x8142,0x6E9C,0x8EA4,0xAB7B,0x8C73,0x0800,0x6808,0x6808,0x6808,0x6808,0x4808,0x2611,0x072A,0x8A1A,0x2808,0x6808,0x6808,0x6808,0x6808,0x6808,0x6808,0x6808,0x6808,0x6808,0x6808,0x6808,0x6808,0x6808,0x6808,0x6808,0x6808,0x6808,0x6808,0x6808,0x6808,0x6808,0x6808,0x6808,0x6808,0x6808,0x0700,0xEC5A,0x15FF,0xB2E5,0x35FF,0x11D5,0x51E5,0xD4FF,0xB1ED,0xD0CC,0x92CD,0x6FB4,0x30DD,0x70DD,0x33F7,0xB1DD,0xD7F7,0xF8F7,0x12EE,0x74F7,0x33F7,0xB8F7,0x32E6,0x4708,0xAD7B,0x4FA4,0x32CD,0x12F6,0xB1F5,0xF7FF,0x7084,0x0300,0x293A,0x8829,0xEE7B,0x32AD,0xB09C,0x10A5,0x11CE,0x90BD,0x6D8C,0x4D84,0xEB7B,0xE97B,0x2A7C,0x2C84,0xE873,0x8563,0xC23A,0x434B,0x064B,0xE442,0xE452,0xE452,0xE44A,0x2353,0xA13A,0xC242,0x823A,0xC23A,0x0143,0xE910,0x6708,0x6808,0x8808,0x6808,0x6808,0x6808,0x6808,0x6808,0x6808,0x6808,0x6808,0x6808,0x6808,0x6808,0x6808,0x6808,0x6808,0x6808,0x6808,0x6808,0x6808,0x6808,0x6808,0x6808,0x6808,0x6808,
    0x6808,0x6808,0x6808,0x6808,0x6808,0x6808,0x6808,0x6808,0x6808,0x6808,0x6808,0x6808,0x6808,0x6808,0x6808,0x6808,0x6808,0x6808,0x6808,0x6808,0x6808,0x6808,0x6808,0x6808,0x6808,0x6808,0x6808,0x6808,0x6808,0x4800,0x4829,0xA918,0x6521,0xC55A,0x70A4,0x486B,0xE731,0x2808,0x6808,0x6808,0x4808,0x4808,0x6808,0x4621,0x0709,0x8E13,0x8909,0x4808,0x6808,0x6808,0x6808,0x6808,0x6808,0x6808,0x6808,0x6808,0x6808,0x6808,0x6808,0x6808,0x6808,0x6808,0x6808,0x6808,0x6808,0x6808,0x6808,0x6808,0x6808,0x6808,0x6808,0x4808,0x2600,0x76FF,0xD4F6,0xF5F6,0xB2ED,0x0FE5,0x72FE,0x53F7,0x72F6,0x93F6,0x31C5,0x33EE,0x93E6,0xF2F6,0xF1ED,0xF8FF,0x12DE,0xB2F6,0x71F6,0xB1E5,0x94F7,0xF3EE,0x32D6,0xD0B4,0x0500,0x4F94,0x52CD,0x33E6,0x12DE,0x16F7,0xF8FF,0x70AD,0x15FF,0xCA62,0x0700,0x0600,0x0700,0x0600,0xAD9C,0x91C5,0x2C84,0xEB83,0xCB7B,0xCA7B,0xCA7B,0x0D84,0x2C8C,0xE773,0x8463,0xE442,0x6663,0x254B,0x044B,0xE64A,0x0553,0x244B,0x8453,0x0343,0x6353,0x2243,0xA810,0x4432,0x4808,0x8808,0x6808,0x6808,0x6808,0x6808,0x6808,0x6808,0x6808,0x6808,0x6808,0x6808,0x6808,0x6808,0x6808,0x6808,0x6808,0x6808,0x6808,0x6808,0x6808,0x6808,0x6808,0x6808,0x6808,0x6808,
    0x6808,0x6808,0x6808,0x6808,0x6808,0x6808,0x6808,0x6808,0x6808,0x8810,0x6808,0x6808,0x6808,0x6808,0x6808,0x6808,0x6808,0x6808,0x6808,0x6808,0x6808,0x6808,0x6808,0x6808,0x6808,0x6808,0x6808,0x6808,0x6808,0x6808,0x4808,0x4808,0x0900,0xC242,0x6663,0x4863,0x643A,0x0800,0x4808,0x4808,0x0432,0xE610,0xA710,0x8909,0x6621,0x0443,0x0619,0x6808,0x6908,0x4808,0x6808,0x6808,0x6808,0x6808,0x6808,0x6808,0x6808,0x6808,0x6808,0x6808,0x6808,0x6808,0x6808,0x6808,0x6808,0x6808,0x6808,0x6808,0x6808,0x6808,0x6808,0x0700,0xEE83,0x75FF,0xF2E5,0x32F7,0xF0F5,0x71F5,0xF0ED,0x75F7,0xB3F6,0xF3F6,0x14F7,0xB2FE,0xB3F7,0xD1ED,0x92F6,0x90AC,0xAFB4,0x10FE,0xB2F6,0x51EE,0xF5F7,0x93EE,0x12EE,0x14D6,0x0A3A,0x2C6B,0xB3CD,0x74EE,0x93F6,0x14F7,0xF5F7,0x73FE,0xB1E5,0xF9FF,0x8B52,0x2700,0x6808,0x6808,0x2700,0x4A63,0x2B84,0xCB83,0xAA7B,0x886B,0xCA73,0x0C84,0xA863,0xE829,0x4921,0x434B,0x4C8C,0x4553,0x4653,0x254B,0x6653,0xE44A,0x2632,0x0632,0xA810,0x0900,0x4808,0x4808,0x6808,0x6808,0x6808,0x6808,0x6808,0x6808,0x6808,0x6808,0x6808,0x6808,0x6808,0x6808,0x6808,0x6808,0x6808,0x6808,0x6808,0x6808,0x6808,0x6808,0x6808,0x6808,0x6808,0x6808,0x6808,0x6808,
    0x6808,0x6808,0x6808,0x6808,0x6808,0x6808,0x6808,0x6808,0x6808,0x6808,0xE718,0x6808,0x6808,0x6808,0x6808,0x6808,0x6808,0x6808,0x6808,0x6808,0x6808,0x6808,0x6808,0x6808,0x6808,0x6808,0x6808,0x6808,0x6808,0x6808,0x6808,0x6808,0x4808,0x8621,0x214B,0x0143,0x6663,0x6519,0x6708,0x452A,0x804B,0x4900,0x6808,0x4808,0x2808,0xC610,0x8708,0xE731,0x0453,0xC710,0x0719,0x6808,0x6808,0x6808,0x6808,0x6808,0x6808,0x6808,0x6808,0x6808,0x6808,0x6808,0x6808,0x6808,0x6808,0x6808,0x6808,0x6808,0x6808,0x6808,0x6808,0x4808,0x6819,0x13FF,0x52F6,0x75FF,0xD5F7,0xF7F7,0xF7F7,0x71F6,0xD1E5,0xB3F6,0xD2FE,0xF0CC,0x94EF,0xB5F7,0xD6F7,0x34EF,0x90DD,0x31F6,0xD0F5,0xB5F7,0x91EE,0x72EE,0xB3EE,0x33EE,0xED8B,0x0400,0x2D94,0xD2DD,0x71F6,0x94F7,0xF3F6,0x52F6,0xFFFF,0xAD7B,0x0600,0x6808,0x6808,0x6808,0x6808,0x0700,0xC95A,0xEB8B,0x8763,0xCA73,0xEA83,0xE752,0x2800,0x2808,0x2800,0x2719,0xE56B,0x4553,0x4553,0x244B,0x6353,0x0900,0x4532,0x8710,0x4808,0x6808,0x6808,0x8710,0x8808,0x6808,0x6808,0x6808,0x6808,0x6808,0x6808,0x6808,0x6808,0x6808,0x6808,0x6808,0x6808,0x6808,0x6808,0x6808,0x6808,0x6808,0x6808,0x6808,0x6808,0x6808,0x6808,0x6808,0x6808,0x6808,
    0x6808,0x6808,0x6808,0x6808,0x6808,0x6808,0x6808,0x6808,0x6808,0x6808,0x6808,0x6808,0x6808,0x6808,0x6808,0x6808,0x6808,0x6808,0x6808,0x6808,0x6808,0x6808,0x6808,0x6808,0x6808,0x6808,0x6808,0x6808,0x6808,0x6808,0x6808,0x6808,0x6808,0x4808,0x0900,0x4521,0xE44A,0x0243,0x6253,0x0143,0x8432,0x0900,0x2800,0x6808,0x6808,0x8808,0x6808,0x0800,0x2800,0x4808,0x2808,0x6808,0xA810,0x6808,0x6808,0x6808,0x6808,0x6808,0x6808,0x6808,0x6808,0x6808,0x6808,0x6808,0x6808,0x6808,0x6808,0x6808,0x6808,0x8808,0x6808,0x4808,0x2821,0xB1F5,0xF0D4,0x90D5,0x91DD,0x93FE,0x72EE,0x11F6,0x2FD5,0x11EE,0x91ED,0x30D5,0xF6FF,0xFAF7,0xF8FF,0x57E7,0x74FF,0x32EE,0xD2F6,0xB1FE,0x54F7,0xF1ED,0x70F5,0x71D5,0x72CD,0x2A42,0x4600,0x2FBD,0xD4FE,0x71DD,0x76FF,0x30AD,0x2729,0x0600,0x6808,0x6808,0x6808,0x6808,0x6808,0x4808,0x8729,0xEC8B,0x0D94,0x4C8C,0x263A,0x0800,0x6808,0x6808,0x6808,0x0800,0x6984,0xA64A,0x655B,0x876B,0xE873,0x653A,0x0800,0x6808,0x6808,0x6808,0x2808,0x4432,0x2619,0x4808,0x6808,0x6808,0x6808,0x6808,0x6808,0x6808,0x6808,0x6808,0x6808,0x6808,0x6808,0x6808,0x6808,0x6808,0x6808,0x6808,0x6808,0x6808,0x6808,0x6808,0x6808,0x6808,0x6808,0x6808,
    0x6808,0x6808,0x6808,0x6808,0x6808,0x6808,0x6808,0x6808,0x6808,0x6808,0x6808,0x6808,0x6808,0x6808,0x6808,0x6808,0x6808,0x6808,0x6808,0x6808,0x6808,0x6808,0x6808,0x6808,0x6808,0x6808,0x6808,0x6808,0x6808,0x6808,0x6808,0x6808,0x6808,0x6808,0x6808,0x4808,0x0800,0x0900,0x4800,0x623A,0x4153,0x825B,0x214B,0x8A00,0x6808,0x6808,0x6808,0x6808,0x4808,0x6808,0x6808,0x6808,0x8710,0x4808,0x6808,0x6808,0x6808,0x6808,0x6808,0x6808,0x6808,0x6808,0x6808,0x6808,0x6808,0x6808,0x6808,0x6808,0x6808,0x8808,0x6808,0x2700,0xEA5A,0x6B84,0x4B84,0xA96B,0x2B84,0x8F9C,0xAEAC,0xCFAC,0x50D5,0xB1E5,0xEFB4,0x72F6,0x50D5,0xD3EE,0xB3E6,0xF4EE,0xB0CD,0x8E94,0x30CD,0x30E5,0xB1E5,0x51F5,0x6EAC,0xAB73,0xE773,0x6C94,0xC718,0xCA83,0xF1DD,0x8EAC,0x4831,0x0600,0x2800,0x6808,0x6808,0x6808,0x6808,0x6808,0x6808,0x6808,0x0700,0xE87B,0x6FAC,0xAA5A,0x0800,0x6808,0x6808,0x6808,0x6808,0x4808,0x0800,0xA629,0xA563,0x866B,0x655B,0x6453,0x8521,0x4808,0x6808,0x6808,0x2808,0x263A,0xE710,0x4808,0x6808,0x6808,0x6808,0x6808,0x6808,0x6808,0x6808,0x6808,0x6808,0x6808,0x6808,0x6808,0x6808,0x6808,0x6808,0x6808,0x6808,0x6808,0x6808,0x6808,0x6808,0x6808,0x6808,0x6808,
    0x6808,0x6808,0x6808,0x6808,0x6808,0x6808,0x6808,0x6808,0x6808,0x6808,0x6808,0x6808,0x6808,0x6808,0x6808,0x6808,0x6808,0x6808,0x6808,0x6808,0x6808,0x6808,0x6808,0x6808,0x6808,0x6808,0x6808,0x6808,0x6808,0x6808,0x6808,0x6808,0x6808,0x6808,0x6808,0x6808,0x6808,0x6808,0x6808,0x0800,0x0800,0x453A,0x8653,0x0800,0x6808,0x6808,0x0800,0x8910,0xA931,0x2808,0x2800,0x2800,0x4808,0x6808,0x6808,0x6808,0x6808,0x6808,0x6808,0x6808,0x6808,0x6808,0x6808,0x6808,0x6808,0x6808,0x6808,0x6808,0x6808,0x6808,0x6808,0x4808,0xC721,0xC66B,0x6453,0x434B,0x8663,0xA86B,0x886B,0x2B84,0xC973,0x4B94,0x6C94,0x2A8C,0xCDAC,0x6C8C,0xA663,0x0A7C,0xA86B,0xE873,0xC96B,0xB0B4,0x6FA4,0xC973,0xEC83,0x444B,0x2243,0x2663,0x6DA4,0xC939,0x0500,0x0500,0xC818,0x8808,0x6808,0x6808,0x6808,0x6808,0x6808,0x6808,0x6808,0x6808,0x2800,0x463A,0xEA7B,0x484A,0x2800,0x6808,0x6808,0x6808,0x4808,0xE810,0x4808,0xA919,0xA629,0x2532,0x245B,0xA35B,0x0532,0x4808,0x6808,0x6808,0x4808,0xE618,0xE710,0x6619,0x4808,0x6808,0x6808,0x6808,0x6808,0x6808,0x6808,0x6808,0x6808,0x6808,0x6808,0x6808,0x6808,0x6808,0x6808,0x6808,0x6808,0x6808,0x6808,0x6808,0x6808,0x6808,0x6808,0x6808,
    0x6808,0x6808,0x6808,0x6808,0x6808,0x6808,0x6808,0x6808,0x6808,0x6808,0x6808,0x6808,0x6808,0x6808,0x6808,0x6808,0x6808,0x6808,0x6808,0x6808,0x6808,0x6808,0x6808,0x6808,0x6808,0x6808,0x6808,0x6808,0x6808,0x6808,0x6808,0x6808,0x6808,0x6808,0x6808,0x6808,0x6808,0x6808,0x6808,0x6808,0x6808,0x0800,0x044B,0x4708,0xC710,0x0800,0x263A,0x4153,0xE75A,0x2353,0x453A,0x8542,0x0432,0x0900,0x6808,0x6808,0x6808,0x6808,0x6808,0x6808,0x6808,0x6808,0x6808,0x6808,0x6808,0x6808,0x6808,0x6808,0x6808,0x6808,0x6808,0x6808,0x0800,0xA821,0x645B,0x2453,0x234B,0x686B,0xA873,0xA86B,0xE97B,0x6663,0x0B7C,0xA66B,0x8763,0xC86B,0xC773,0x655B,0x6453,0x434B,0x4453,0x865B,0x665B,0x6453,0x8453,0x0343,0x0353,0xE452,0x0B84,0x4FA4,0x6EB4,0x92FE,0xEFB4,0x0700,0x6808,0x6808,0x6808,0x6808,0x6808,0x6808,0x6808,0x6808,0x6808,0x4700,0x698C,0x6932,0x0800,0x6808,0x6808,0x6808,0x6808,0x6808,0x4808,0x8721,0xC810,0x0800,0xA542,0x453A,0x2908,0x6808,0x6808,0x6808,0xA710,0x6808,0xC529,0x2619,0x4808,0x6808,0x6808,0x6808,0x6808,0x6808,0x6808,0x6808,0x6808,0x6808,0x6808,0x6808,0x6808,0x6808,0x6808,0x6808,0x6808,0x6808,0x6808,0x8808,0x6808,0x6808,0x6808,0x6808,
    0x6808,0x6808,0x6808,0x6808,0x6808,0x6808,0x6808,0x6808,0x6808,0x6808,0x6808,0x6808,0x6808,0x6808,0x6808,0x6808,0x6808,0x6808,0x6808,0x6808,0x6808,0x6808,0x6808,0x6808,0x6808,0x6808,0x6808,0x6808,0x6808,0x6808,0x6808,0x6808,0x6808,0x6808,0x6808,0x6808,0x6808,0x6808,0x6808,0x6808,0x6808,0x6808,0x0800,0xE529,0x6721,0xC642,0x434B,0xA342,0x034B,0x224B,0x6563,0xA773,0xC23A,0x6232,0x0908,0x2808,0x4808,0x6808,0x6808,0x6808,0x6808,0x6808,0x6808,0x6808,0x6808,0x6808,0x6808,0x6808,0x6808,0x6808,0x6808,0x6808,0x6808,0x0800,0xA53A,0x6453,0x024B,0x855B,0x6453,0x845B,0x8663,0x697C,0x4453,0xA86B,0xC86B,0x0243,0x0243,0x2453,0xE342,0x612A,0xE142,0xC13A,0x2243,0xE44A,0x424B,0x0143,0x034B,0x265B,0x686B,0xEDA3,0xCDAB,0xF1ED,0xA718,0x4808,0x6808,0x6808,0x6808,0x6808,0x6808,0x6808,0x6808,0x6808,0x6808,0x4808,0xA710,0x0432,0x2721,0x4808,0x6808,0x6808,0x6808,0x8810,0x4808,0xA810,0x853A,0x0900,0x6808,0x0800,0x6808,0x6808,0x6808,0x2808,0x8808,0x4808,0xE610,0x2143,0xA710,0x6808,0x6808,0x8808,0x6808,0x6808,0x6808,0x6808,0x6808,0x6808,0x8808,0x8808,0x6808,0x6808,0x6808,0x6808,0x6808,0x6808,0x6808,0x6808,0x8808,0x6808,0x6808,0x6808,
    0x6808,0x6808,0x6808,0x6808,0x6808,0x6808,0x6808,0x6808,0x6808,0x6808,0x6808,0x6808,0x6808,0x6808,0x6808,0x6808,0x6808,0x6808,0x6808,0x6808,0x6808,0x6808,0x6808,0x6808,0x6808,0x6808,0x6808,0x6808,0x6808,0x6808,0x6808,0x6808,0x6808,0x6808,0x6808,0x6808,0x6808,0x6808,0x6808,0x6808,0x6808,0x6808,0x6808,0x4808,0x2800,0x8929,0xA242,0xE552,0x045B,0x676B,0x212A,0xA23A,0x2232,0x823A,0x6232,0x032A,0x2619,0x2800,0x6808,0x6808,0x6808,0x6808,0x6808,0x6808,0x6808,0x6808,0x6808,0x6808,0x6808,0x6808,0x6808,0x6808,0x6808,0x6808,0x0800,0x6721,0xA55B,0x064B,0xA64A,0xC442,0x4821,0x2800,0x2753,0x887C,0xC13A,0xE34A,0x024B,0xA13A,0xE13A,0x0243,0xA13A,0xC132,0xC132,0x0243,0x4453,0x4663,0x455B,0x044B,0xCA8B,0xCFC4,0x2EB4,0xECA3,0x0700,0x6808,0x6808,0x6808,0x6808,0x6808,0x6808,0x6808,0x6808,0x6808,0xA808,0x6808,0x4808,0xA710,0x8810,0x6808,0x6808,0x6808,0x6808,0x4808,0x2619,0x4808,0xA521,0x022A,0x2808,0x6808,0x6808,0x6808,0x0908,0xC321,0x022A,0x6808,0x4808,0x0619,0x4808,0x6808,0x6808,0x6808,0x6808,0x6808,0x6808,0x6808,0x6808,0x6808,0x6808,0x6808,0x6808,0x6808,0x6808,0x6808,0x6808,0x6808,0x6808,0x6808,0x6808,0x6808,0x6808,0x6808,
    0x6808,0x6808,0x6808,0x6808,0x6808,0x6808,0x6808,0x6808,0x6808,0x6808,0x6808,0x6808,0x6808,0x6808,0x6808,0x6808,0x6808,0x6808,0x6808,0x6808,0x6808,0x6808,0x6808,0x6808,0x6808,0x6808,0x6808,0x6808,0x6808,0x6808,0x6808,0x6808,0x6808,0x6808,0x6808,0x6808,0x6808,0x6808,0x6808,0x6808,0x6808,0x6808,0x6808,0x6808,0x0800,0xE729,0x255B,0x0453,0xC242,0x823A,0x4132,0x4232,0xC242,0x4663,0x6132,0x6232,0xA13A,0x2619,0x2800,0x6808,0x6808,0x6808,0x6808,0x6808,0x6808,0x6808,0x6808,0x6808,0x6808,0x6808,0x6808,0x6808,0x6808,0x6808,0x6808,0x4808,0x0800,0x0800,0x0800,0x0800,0x4808,0x6808,0x2800,0x0800,0x6642,0x044B,0xE34A,0x012A,0xA23A,0xA23A,0x6132,0x412A,0x412A,0x0243,0xE13A,0x2D9C,0xCB8B,0x2873,0xCDA3,0x687B,0x2B94,0x0700,0x6808,0x6808,0x6808,0x6808,0x6808,0x6808,0x6808,0x6808,0x6808,0x6808,0xA808,0x6808,0x6808,0x6808,0x6808,0x6808,0x6808,0x6808,0x6808,0x6808,0x8808,0x813A,0x2711,0xE042,0x0900,0x6808,0x4808,0x8808,0x022A,0x0022,0x2619,0x2808,0x6808,0x4808,0x4808,0x6808,0x6808,0x6808,0x6808,0x6808,0x6808,0x6808,0x6808,0x6808,0x6808,0x6808,0x6808,0x6808,0x6808,0x6808,0x6808,0x6808,0x6808,0x6808,0x6808,0x6808,0x6808,0x6808,
    0x6808,0x6808,0x6808,0x6808,0x6808,0x6808,0x6808,0x6808,0x6808,0x6808,0x8808,0x6808,0x6808,0x6808,0x6808,0x6808,0x6808,0x6808,0x6808,0x6808,0x6808,0x6808,0x6808,0x6808,0x6808,0x6808,0x6808,0x6808,0x6808,0x6808,0x6808,0x6808,0x6808,0x6808,0x6808,0x6808,0x6808,0x6808,0x6808,0x6808,0x6808,0x6808,0x6808,0x4808,0x4821,0x8663,0xA342,0x613A,0x6132,0x412A,0x2232,0x412A,0x4132,0x4132,0x2132,0x6232,0x212A,0x435B,0x0929,0x2800,0x6808,0x6808,0x6808,0x6808,0x6808,0x6808,0x6808,0x6808,0x6808,0x6808,0x6808,0x6808,0x6808,0x6808,0x6808,0x6808,0x6808,0x6808,0x6808,0x6808,0x6808,0x6808,0x8808,0x0800,0x433A,0x0353,0x4132,0x212A,0x212A,0x823A,0x623A,0x012A,0xC121,0x4232,0x024B,0xC342,0x8B7B,0x6FB4,0xC77B,0x253A,0x0800,0x6808,0x6808,0x6808,0x6808,0x6808,0x6808,0x6808,0x6808,0x6808,0x6808,0x6808,0x6808,0x6808,0x6808,0x6808,0x6808,0x6808,0x6808,0x6808,0x6808,0x6808,0x4808,0x6808,0x0043,0xA33A,0x2711,0x2808,0x8419,0xA132,0x0122,0x8132,0xC421,0x8708,0xE610,0xA710,0xE610,0x8708,0x4908,0x4808,0x6808,0x6808,0x6808,0x6808,0x6808,0x6808,0x6808,0x6808,0x6808,0x6808,0x6808,0x6808,0x6808,0x6808,0x6808,0x6808,0x8808,0x6808,0x6808,0x6808,
    0x6808,0x6808,0x6808,0x6808,0x6808,0x6808,0x6808,0x6808,0x6808,0x6808,0x6808,0x6808,0x6808,0x6808,0x6808,0x6808,0x6808,0x6808,0x6808,0x6808,0x6808,0x6808,0x6808,0x6808,0x6808,0x6808,0x6808,0x6808,0x6808,0x6808,0x6808,0x6808,0x6808,0x6808,0x6808,0x6808,0x6808,0x6808,0x6808,0xA710,0x6808,0x6808,0x6808,0x0700,0xEA6B,0x623A,0x6132,0x6232,0x212A,0x212A,0xE121,0x012A,0x4132,0x012A,0x012A,0x623A,0x823A,0x612A,0xE24A,0x242A,0x2800,0x0800,0x2808,0x6808,0x6808,0x6808,0x6808,0x6808,0x6808,0x6808,0x6808,0x6808,0x6808,0x6808,0x6808,0x6808,0x6808,0x6808,0x6808,0x6808,0x6808,0x6808,0x6808,0x0800,0xE24A,0x4132,0xE452,0x6132,0xE129,0x2132,0x012A,0x212A,0xA119,0x4463,0x0800,0xE44A,0x055B,0xEB8B,0x4332,0x0800,0x6808,0x6808,0x6808,0x6808,0x6808,0x6808,0x6808,0x6808,0x6808,0x6808,0x6808,0x6808,0x6808,0x6808,0x6808,0x6808,0x6808,0x6808,0x6808,0x6808,0x6808,0x6808,0x6808,0x6808,0x0511,0x014B,0x461A,0x6908,0xE510,0xE142,0xA13A,0xC13A,0x0908,0xA321,0x0619,0x6708,0xA710,0x6808,0xE321,0x2419,0x4808,0xC610,0x0900,0x4808,0x6808,0x8710,0x6808,0x6808,0x6808,0x6808,0x6808,0x6808,0x6808,0x6808,0x6808,0x6808,0x6808,0x6808,0x6808,0x6808,
    0x6808,0x6808,0x6808,0x6808,0x6808,0x6808,0x6808,0x6808,0x6808,0x6808,0x6808,0x6808,0x6808,0x6808,0x6808,0x6808,0x6808,0x6808,0x6808,0x6808,0x6808,0x6808,0x6808,0x6808,0x6808,0x6808,0x6808,0x6808,0x6808,0x6808,0x6808,0x6808,0x6808,0x6808,0x6808,0x6808,0x6808,0x6808,0x6808,0x6808,0x6808,0x6808,0x6808,0x2800,0xC552,0x4132,0x412A,0x212A,0x212A,0x212A,0x422A,0x212A,0x0122,0x212A,0x4232,0x6132,0x8232,0x6232,0xA23A,0xC242,0x024B,0x843A,0x653A,0x0800,0x4808,0x6808,0x6808,0x6808,0x6808,0x6808,0x6808,0x6808,0x6808,0x6808,0x6808,0x6808,0x6808,0x6808,0x6808,0x6808,0x6808,0x6808,0x6808,0x4808,0xC710,0x0353,0x055B,0xA34A,0x623A,0x212A,0x4132,0x212A,0xE221,0xC352,0x696B,0xAA7B,0x276B,0x0763,0x0800,0x6808,0x6808,0x6808,0x6808,0x6808,0x6808,0x6808,0x6808,0x6808,0x6808,0x6808,0x6808,0x6808,0x6808,0x6808,0x6808,0x6808,0x6808,0x6808,0x6808,0x6808,0x6808,0x6808,0x6808,0x6808,0x4908,0x222A,0x4053,0x2912,0x0808,0xA521,0x6419,0xE429,0x2808,0x2332,0x4519,0x2908,0xC610,0x0611,0x2800,0xE221,0xE121,0x4032,0x6232,0xA529,0x6808,0x4808,0x6808,0xC710,0x6808,0x6808,0x6808,0x6808,0x6808,0x6808,0x6808,0x6808,0x6808,0x6808,0x6808,0x6808,
    0x6808,0x6808,0x6808,0x6808,0x6808,0x6808,0x6808,0x6808,0x6808,0x6808,0x6808,0x6808,0x6808,0x6808,0x6808,0x6808,0x6808,0x6808,0x6808,0x6808,0x6808,0x6808,0x6808,0x6808,0x6808,0x6808,0x6808,0x6808,0x6808,0x6808,0x6808,0x6808,0x6808,0x6808,0x6808,0x6808,0x6808,0x6808,0x6808,0x6808,0x6808,0x6808,0x6808,0x2700,0x4884,0x2232,0x412A,0x212A,0xE121,0x0122,0x012A,0x0122,0x212A,0x0122,0x0122,0x412A,0x4132,0x6132,0x034B,0xA342,0x823A,0xC34A,0x4563,0xCA73,0x2719,0x4808,0x6808,0x6808,0x6808,0x6808,0x6808,0x6808,0x6808,0x6808,0x6808,0x6808,0x6808,0x6808,0x6808,0x6808,0x6808,0x6808,0x6808,0x6808,0x2800,0xE531,0xE452,0x8342,0x055B,0x4132,0x833A,0xC55A,0xA34A,0x0432,0xE65A,0x0663,0x055B,0x2511,0x4808,0x6808,0x6808,0x6808,0x6808,0x6808,0x6808,0x6808,0x6808,0x6808,0x6808,0x6808,0x6808,0x6808,0x6808,0x6808,0x6808,0x6808,0x6808,0x6808,0x6808,0x6808,0x6808,0x6808,0x6808,0x6808,0x6808,0x0900,0xA421,0x0722,0x2808,0x2900,0x0800,0x2808,0x2800,0xE718,0xE710,0x6808,0x4808,0x6808,0x6808,0xE710,0x0900,0xC74A,0x2553,0x222A,0x8032,0xE710,0x2619,0xE610,0x8708,0x8710,0x6808,0x6808,0x6808,0x6808,0x6808,0x6808,0x6808,0x6808,0x6808,0x6808,
    0x6808,0x6808,0x6808,0x6808,0x6808,0x6808,0x6808,0x6808,0x6808,0x6808,0x6808,0x6808,0x6808,0x6808,0x6808,0x6808,0x6808,0x6808,0x6808,0x6808,0x6808,0x6808,0x6808,0x6808,0x6808,0x6808,0x6808,0x6808,0x6808,0x6808,0x6808,0x6808,0x6808,0x6808,0x6808,0x6808,0x6808,0x6808,0x6808,0x6808,0x6808,0x6808,0x6808,0x4808,0xC818,0xC45A,0x412A,0x212A,0x212A,0x0122,0x212A,0x212A,0x012A,0x0122,0x212A,0x412A,0x412A,0xC342,0x0453,0xC452,0xA452,0x0763,0x0763,0x676B,0x042A,0x4808,0x6808,0x6808,0x6808,0x6808,0x6808,0x6808,0x6808,0x6808,0x6808,0x6808,0x6808,0x6808,0x6808,0x6808,0x6808,0x6808,0x6808,0x6808,0x6808,0x8810,0xC34A,0xA34A,0x634A,0x8452,0xA55A,0xC552,0x8342,0x0542,0x065B,0x276B,0xA242,0xC529,0x4808,0x6808,0x6808,0x6808,0x6808,0x6808,0x6808,0x6808,0x6808,0x6808,0x6808,0x6808,0x6808,0x6808,0x6808,0x6808,0x6808,0x6808,0x6808,0x6808,0x6808,0x6808,0x6808,0x6808,0x6808,0x6808,0x6808,0x6808,0x2808,0xE618,0xA421,0xA342,0x052A,0xE710,0x2619,0xC610,0x8710,0xA710,0xE618,0x6808,0xA710,0x8808,0x6808,0x062A,0x2132,0x2353,0x8721,0xE229,0x0900,0x6808,0x4808,0xA710,0xA710,0x6808,0x6808,0x6808,0x6808,0x6808,0x6808,0x6808,0x6808,0x6808,
    0x6808,0x6808,0x6808,0x6808,0x6808,0x6808,0x6808,0x6808,0x6808,0x6808,0x6808,0x6808,0x6808,0x6808,0x6808,0x6808,0x6808,0x6808,0x6808,0x6808,0x6808,0x6808,0x6808,0x6808,0x6808,0x6808,0x6808,0x6808,0x6808,0x6808,0x6808,0x6808,0x6808,0x6808,0x6808,0x6808,0x6808,0x6808,0x6808,0x6808,0x6808,0x6808,0x6808,0x6808,0x0800,0x096B,0x2132,0x212A,0x2132,0x6232,0x4132,0x4132,0x823A,0x0122,0x8232,0xC342,0x422A,0x633A,0xC552,0x0763,0xA54A,0x2973,0x476B,0x835B,0x2800,0x6808,0x6808,0x6808,0x6808,0x6808,0x6808,0x6808,0x6808,0x6808,0x6808,0x6808,0x6808,0x6808,0x6808,0x6808,0x6808,0x6808,0x6808,0x6808,0x6808,0x2808,0x2353,0x834A,0x834A,0xA452,0x4342,0x834A,0x6342,0xA452,0xA452,0x2442,0xC34A,0xA44A,0x2800,0x6808,0x6808,0x4808,0x6808,0x6808,0x6808,0x6808,0x6808,0x6808,0x6808,0x6808,0x6808,0x6808,0x6808,0x6808,0x6808,0x6808,0x6808,0x6808,0x6808,0x6808,0x6808,0x6808,0x6808,0x6808,0x6808,0x6808,0x6808,0x4808,0x4808,0x2808,0x2808,0x4808,0x2808,0xC718,0x4808,0x6621,0x2808,0x6808,0x4800,0x0800,0x2808,0x2808,0x6908,0x8C0A,0x0800,0xE610,0x6419,0x8808,0x4808,0x6808,0x4808,0xC610,0x6808,0x8808,0x6808,0x6808,0x6808,0x6808,0x6808,0x6808,
    0x6808,0x6808,0x6808,0x4808,0x6808,0x6808,0x6808,0x6808,0x6808,0x6808,0x6808,0x6808,0x6808,0x6808,0x6808,0x6808,0x6808,0x6808,0x6808,0x6808,0x6808,0x6808,0x6808,0x6808,0x6808,0x6808,0x6808,0x6808,0x6808,0x6808,0x6808,0x6808,0x6808,0x6808,0x6808,0x6808,0x6808,0x6808,0x6808,0x6808,0x6808,0x6808,0x6808,0x6808,0x4808,0xC918,0x887B,0xE121,0x0022,0x212A,0x8242,0x4232,0xA342,0x4232,0x4232,0x833A,0x222A,0xA54A,0x065B,0x0763,0xC65A,0xC65A,0x235B,0x4700,0x4808,0x6808,0x6808,0x6808,0x6808,0x6808,0x6808,0x6808,0x6808,0x6808,0x6808,0x6808,0x6808,0x6808,0x6808,0x6808,0x6808,0x6808,0x6808,0x6808,0x6808,0x4908,0xE452,0xA65A,0x844A,0x8552,0x4242,0x634A,0x844A,0x644A,0x2663,0xA429,0xC452,0x4463,0x0800,0x6708,0x6808,0xE818,0x6810,0x6808,0x6808,0x6808,0x6808,0x6808,0x6808,0x6808,0x6808,0x6808,0x6808,0x6808,0x6808,0x6808,0x6808,0x6808,0x6808,0x6808,0x6808,0x6808,0x6808,0x6808,0x6808,0x6808,0x6808,0x6808,0x6808,0x6808,0x6808,0x6808,0x6808,0x6808,0x6808,0x2808,0x0800,0x4800,0xA75B,0xC752,0x472A,0x2808,0x4800,0x633A,0x0800,0x6808,0x4808,0x6808,0x8808,0x6808,0x6808,0x6808,0x6808,0x6808,0x6808,0x6808,0x6808,0x6808,0x6808,0x6808,
    0x6808,0x6808,0x6808,0x8708,0x6808,0x6808,0x6808,0x6808,0x6808,0x6808,0x6808,0x6808,0x6808,0x6808,0x8808,0x6808,0x6808,0x6808,0x6808,0x6808,0x6808,0x6808,0x6808,0x6808,0x6808,0x6808,0x6808,0x6808,0x6808,0x6808,0x6808,0x6808,0x6808,0x6808,0x6808,0x6808,0x6808,0x6808,0x6808,0x6808,0x6808,0x6808,0x6808,0x6808,0x6808,0x0700,0xAC83,0x697B,0x6A7B,0xE121,0x823A,0x823A,0xE121,0xE452,0xE65A,0xE65A,0x0763,0x075B,0xC652,0x286B,0x296B,0x076B,0xE329,0x2808,0x6808,0x6808,0x6808,0x6808,0x6808,0x6808,0x6808,0x6808,0x6808,0x6808,0x6808,0x6808,0x6808,0x6808,0x6808,0x6808,0x6808,0x6808,0x6808,0x6808,0x2800,0x6952,0x065B,0xA552,0xC652,0xC65A,0xE65A,0xA552,0x8552,0xA452,0xC552,0xA652,0xA452,0x846B,0x4808,0x2808,0x0800,0xE552,0x2511,0x4808,0x6808,0x6808,0x6808,0x6808,0x6808,0x6808,0x6808,0x6808,0x6808,0x6808,0x6808,0x6808,0x6808,0x6808,0x6808,0x6808,0x6808,0x6808,0x6808,0x6808,0x6808,0x6808,0x6808,0x6808,0x6808,0x6808,0x6808,0x6808,0x6808,0x6808,0x0800,0x4819,0x2963,0x884A,0x4873,0x697B,0x482A,0x0700,0xC808,0x4673,0x4719,0x4808,0x6808,0x6808,0x6808,0x6808,0x6808,0x6808,0x6808,0x4808,0xC710,0x6808,0x6808,0x6808,0x6808,0x4808,
    0x8808,0x6808,0x6808,0x6808,0x6808,0x6808,0x6808,0x6808,0x6808,0x6808,0x6808,0x6808,0x6808,0x6808,0x6808,0x8808,0x6808,0x6808,0x6808,0x6808,0x6808,0x6808,0x6808,0x6808,0x6808,0x6808,0x6808,0x6808,0x6808,0x6808,0x6808,0x6808,0x6808,0x6808,0x6808,0x6808,0x6808,0x6808,0x6808,0x6808,0x6808,0x6808,0x6808,0x6808,0x6808,0x6808,0x0700,0xAA39,0x4CA4,0x6B83,0x2432,0x6232,0xC34A,0x623A,0x8342,0xE552,0x0863,0x486B,0x2763,0x286B,0xE75A,0xC44A,0x853A,0x2808,0x6808,0x6808,0x6808,0x6808,0x6808,0x6808,0x6808,0x6808,0x6808,0x6808,0x6808,0x6808,0x6808,0x6808,0x6808,0x6808,0x6808,0x6808,0x6808,0x6808,0x0700,0x8D9C,0x8A73,0xAB7B,0x6973,0x496B,0x496B,0x086B,0xC75A,0xE762,0x0763,0xE452,0xA242,0x4621,0x2800,0x4721,0xA883,0x2563,0x4800,0x6808,0x6808,0x6808,0x6808,0x6808,0x6808,0x6808,0x6808,0x6808,0x6808,0x6808,0x6808,0x6808,0x6808,0x6808,0x6808,0x6808,0x6808,0x6808,0x6808,0x6808,0x6808,0x6808,0x6808,0x6808,0x6808,0x6808,0x6808,0x6808,0x6808,0x0800,0xE821,0x8973,0xAB83,0x897B,0x6973,0xE762,0x697B,0xA94A,0xAB2A,0x697B,0xA642,0x0800,0x6808,0x6808,0x6808,0x6808,0x6808,0x6808,0x6808,0x6808,0xA810,0x4808,0x6808,0x6808,0x8808,0x2611,
    0x8808,0x6808,0x6808,0x6808,0x6808,0x6808,0x6808,0x6808,0x6808,0x6808,0x6808,0x6808,0x6808,0x6808,0x6808,0x6808,0x6808,0x6808,0x6808,0x6808,0x6808,0x6808,0x6808,0x6808,0x6808,0x6808,0x6808,0x6808,0x6808,0x6808,0x6808,0x6808,0x6808,0x6808,0x6808,0x6808,0x6808,0x6808,0x6808,0x6808,0x6808,0x6808,0x6808,0x6808,0x6808,0x6808,0x6808,0x0700,0x2929,0x4CA4,0x0D94,0x854A,0xC452,0x823A,0x8342,0xE652,0x286B,0x0863,0x0763,0x276B,0xA652,0x2663,0x4719,0x4808,0x6808,0x6808,0x6808,0x6808,0x6808,0x6808,0x6808,0x6808,0x6808,0x6808,0x6808,0x6808,0x6808,0x6808,0x6808,0x6808,0x6808,0x6808,0x6808,0x6808,0x2700,0x6A52,0x2C94,0x296B,0xED83,0x8B73,0x6A73,0x296B,0x296B,0x096B,0xC65A,0x833A,0x4800,0x4808,0x4808,0xE610,0x697B,0x2332,0x0800,0x6808,0x6808,0x6808,0x6808,0x6808,0x6808,0x6808,0x6808,0x6808,0x6808,0x6808,0x6808,0x6808,0x6808,0x6808,0x6808,0x6808,0x6808,0x6808,0x6808,0x6808,0x6808,0x6808,0x6808,0x6808,0x6808,0x6808,0x6808,0x0800,0x0700,0xA810,0x0C9C,0xCC93,0xCC83,0x6A7B,0xEC93,0x8B83,0xCB8B,0xCA8B,0xEA93,0x4973,0xE762,0x4819,0x2800,0x6808,0x6808,0x6808,0x6808,0x6808,0x8808,0x4808,0x4808,0x6808,0x6808,0x6808,0x6808,0x8808,
    0x6808,0x6808,0x6808,0x6808,0x6808,0x6808,0x6808,0x6808,0x6808,0x6808,0x6808,0x6808,0x6808,0x6808,0x6808,0x6808,0x6808,0x6808,0x6808,0x6808,0x6808,0x6808,0x6808,0x6808,0x6808,0x6808,0x6808,0x6808,0x6808,0x6808,0x6808,0x6808,0x6808,0x6808,0x6808,0x6808,0x6808,0x6808,0x6808,0x6808,0x6808,0x6808,0x6808,0x6808,0x6808,0x6808,0x6808,0x4808,0x8710,0x11BD,0x4DA4,0x4442,0xC75A,0xA44A,0xC44A,0x275B,0x065B,0x6763,0x065B,0x2663,0x055B,0x0653,0x0800,0x6808,0x6808,0x6808,0x6808,0x6808,0x6808,0x6808,0x6808,0x6808,0x6808,0x6808,0x6808,0x6808,0x6808,0x6808,0x6808,0x6808,0x6808,0x6808,0x6808,0x6808,0x6808,0x0600,0x0FBD,0x8A73,0xAC83,0xED8B,0xEC7B,0xEC8B,0x4A73,0x296B,0xE65A,0x0532,0x2800,0x6808,0x2800,0x2742,0x8A83,0x2311,0x4808,0x6808,0x8808,0x6808,0x6808,0x6808,0x6808,0x6808,0x6808,0x6808,0x6808,0x6808,0x6808,0x6808,0x6808,0x6808,0x6808,0x6808,0x6808,0x6808,0x6808,0x6808,0x6808,0x6808,0x6808,0x6808,0x6808,0x6808,0x2700,0x895A,0xCB8B,0x0C9C,0xCC93,0xCD9B,0xAC93,0xAB8B,0xAB8B,0x4A7B,0x8B83,0xEC8B,0xCC8B,0x2D94,0x6A7B,0x687B,0xC811,0x4808,0x6808,0x6808,0x6808,0x6808,0x4808,0x4619,0x8708,0x6808,0x6808,0x6808,0x6808,0x6808,
    0x6808,0x6808,0x6808,0x6808,0x6808,0x6808,0x6808,0x6808,0x6808,0x6808,0x6808,0x6808,0x6808,0x6808,0x6808,0x6808,0x6808,0x6808,0x6808,0x6808,0x6808,0x6808,0x6808,0x6808,0x6808,0x6808,0x6808,0x6808,0x6808,0x6808,0x6808,0x6808,0x6808,0x6808,0x6808,0x6808,0x6808,0x6808,0x6808,0x6808,0x6808,0x6808,0x6808,0x6808,0x6808,0x6808,0x6808,0x4800,0x8939,0x8FAC,0x6EAC,0x0332,0xC552,0xA442,0xA442,0xE552,0x465B,0xA44A,0xE452,0xC529,0xA708,0x4808,0x6808,0x6808,0x6808,0x6808,0x6808,0x6808,0x6808,0x6808,0x6808,0x6808,0x6808,0x6808,0x6808,0x6808,0x6808,0x6808,0x6808,0x6808,0x6808,0x6808,0x6808,0x6808,0x6808,0x0700,0x8D8B,0xEC8B,0xCD8B,0x0D8C,0xCC7B,0x8A73,0x096B,0x0963,0x2763,0xA652,0x2800,0x6808,0x2800,0x6952,0x877B,0x6708,0x6808,0x6808,0x6808,0x6808,0x6808,0x6808,0x6808,0x6808,0x6808,0x6808,0x6808,0x6808,0x6808,0x6808,0x6808,0x6808,0x6808,0x6808,0x6808,0x6808,0x6808,0x6808,0x6808,0x6808,0x6808,0x6808,0x6808,0x2800,0x4A5A,0x0C9C,0x2A7B,0x4A7B,0xAB93,0x6A83,0xAC9B,0x8B83,0x4A7B,0x4A73,0xAB8B,0x0DA4,0x4DA4,0xCC8B,0xCC83,0x0863,0x887B,0x8708,0x4808,0x6808,0x6808,0x6808,0x6808,0x4808,0x6808,0x6808,0x6808,0x6808,0x6808,0x6808,
    0x6808,0x6808,0x6808,0x6808,0x6808,0x6808,0x6808,0x6808,0x6808,0x6808,0x6808,0x6808,0x6808,0x6808,0x6808,0x6808,0x6808,0x6808,0x6808,0x6808,0x6808,0x6808,0x6808,0x6808,0x6808,0x6808,0x6808,0x6808,0x6808,0x6808,0x6808,0x6808,0x6808,0x6808,0x6808,0x6808,0x6808,0x6808,0x6808,0x6808,0x6808,0x6808,0x6808,0x6808,0x6808,0x6808,0x6808,0x4800,0x6931,0x4E9C,0x8B83,0xA442,0x8442,0xA54A,0xA44A,0x633A,0xA44A,0x433A,0x2411,0x0900,0x6808,0x6808,0x6808,0x6808,0x6808,0x6808,0x6808,0x6808,0x6808,0x6808,0x6808,0x6808,0x6808,0x6808,0x6808,0x6808,0x6808,0x6808,0x6808,0x6808,0x6808,0x6808,0x6808,0x6808,0x6808,0x2700,0x6A5A,0x8EAC,0x0E9C,0x8FBC,0xED83,0x496B,0x296B,0xC75A,0x6742,0x0800,0x6808,0x6808,0x6808,0x8808,0x0819,0x4808,0x6808,0x6808,0x6808,0x6808,0x6808,0x6808,0x6808,0x6808,0x6808,0x6808,0x6808,0x6808,0x6808,0x6808,0x6808,0x6808,0x6808,0x6808,0x6808,0x6808,0x6808,0x6808,0x6808,0x6808,0x6808,0x6808,0x6808,0x2800,0x0942,0xCC9B,0xAC8B,0x2A7B,0x6A83,0x297B,0x4A7B,0x4A7B,0x4A7B,0x6A83,0xAC9B,0xAEC4,0x8EBC,0xED93,0x2A73,0xA75A,0x2A6B,0x2563,0x2800,0x6808,0x6808,0x6808,0x6808,0x6808,0x6808,0x6808,0x6808,0x6808,0x6808,0x6808,
    0x6808,0x6808,0x6808,0x6808,0x6808,0x6808,0x6808,0x6808,0x6808,0x6808,0x6808,0x6808,0x6808,0x6808,0x6808,0x6808,0x6808,0x6808,0x6808,0x6808,0x6808,0x6808,0x6808,0x6808,0x6808,0x6808,0x6808,0x6808,0x6808,0x6808,0x6808,0x6808,0x6808,0x6808,0x6808,0x6808,0x6808,0x6808,0x6808,0x6808,0x6808,0x6808,0x6808,0x6808,0x6808,0x6808,0x6808,0x2700,0xEB6A,0xCD8B,0xC762,0xE652,0x075B,0xA442,0x4442,0xE552,0xE552,0xA34A,0xE610,0x4808,0x6808,0x6808,0x6808,0x6808,0x6808,0x6808,0x6808,0x6808,0x6808,0x6808,0x6808,0x6808,0x6808,0x6808,0x6808,0x6808,0x6808,0x6808,0x6808,0x6808,0x6808,0x6808,0x6808,0x6808,0x6808,0x6808,0x0700,0x8DAC,0x4EAC,0x2EA4,0xE962,0xCC83,0x6B7B,0x4873,0x4721,0x4808,0x6808,0x6808,0x6808,0x6808,0x4808,0x6808,0x6808,0x6808,0x6808,0x6808,0x6808,0x6808,0x6808,0x6808,0x6808,0x6808,0x6808,0x6808,0x6808,0x6808,0x6808,0x6808,0x6808,0x6808,0x6808,0x6808,0x6808,0x6808,0x6808,0x6808,0x6808,0x6808,0x6808,0x6808,0x8708,0xCA83,0x6A83,0x4A7B,0x4A83,0x6A83,0x4A83,0x2A83,0x4A8B,0x4A83,0x8FB4,0xF2DD,0x6EAC,0x0D9C,0x6B7B,0x6B7B,0x496B,0xE65A,0xC708,0x6808,0x6808,0x6808,0x6808,0x6808,0x6808,0x6808,0x6808,0x6808,0x6808,0x6808,
    0x6808,0x6808,0x6808,0x6808,0x6808,0x6808,0x6808,0x6808,0x6808,0x6808,0x6808,0x6808,0x6808,0x6808,0x6808,0x6808,0x6808,0x6808,0x6808,0x6808,0x6808,0x6808,0x6808,0x6808,0x6808,0x6808,0x6808,0x6808,0x6808,0x6808,0x6808,0x6808,0x6808,0x6808,0x6808,0x6808,0x6808,0x6808,0x6808,0x6808,0x6808,0x6808,0x6808,0x6808,0x6808,0x6808,0x6808,0x0700,0x6C73,0x6A83,0xC85A,0x075B,0xC64A,0xC652,0x2763,0x065B,0xE452,0x263A,0x0800,0x6808,0x6808,0x6808,0x6808,0x6808,0x6808,0x6808,0x6808,0x6808,0x6808,0x6808,0x6808,0x6808,0x6808,0x6808,0x6808,0x6808,0x6808,0x6808,0x6808,0x6808,0x6808,0x6808,0x6808,0x6808,0x6808,0x6808,0x4808,0xE820,0x2D9C,0x0D94,0xCC83,0x6B73,0x086B,0x063A,0x0800,0x6808,0x6808,0x6808,0x6808,0x6808,0x6808,0x6808,0x6808,0x6808,0x6808,0x6808,0x6808,0x6808,0x6808,0x6808,0x6808,0x6808,0x6808,0x6808,0x6808,0x6808,0x6808,0x6808,0x6808,0x6808,0x6808,0x6808,0x6808,0x6808,0x6808,0x6808,0x6808,0x6808,0x6808,0x6808,0x0800,0x475B,0x2973,0xA762,0xE972,0x497B,0xAB83,0xA883,0x0B94,0xCB9B,0x2EAC,0xAC93,0x8EBC,0xAB93,0x296B,0x6A73,0xC65A,0x8342,0x2800,0x6808,0x6808,0x6808,0x6808,0x6808,0x6808,0x6808,0x6808,0x6808,0x6808,0x6808,
    0x6808,0x6808,0x6808,0x6808,0x6808,0x6808,0x6808,0x6808,0x6808,0x6808,0x6808,0x6808,0x6808,0x6808,0x6808,0x6808,0x6808,0x6808,0x6808,0x6808,0x6808,0x6808,0x6808,0x6808,0x6808,0x6808,0x6808,0x6808,0x6808,0x6808,0x6808,0x6808,0x6808,0x6808,0x6808,0x6808,0x6808,0x6808,0x6808,0x6808,0x6808,0x6808,0x6808,0x6808,0x6808,0x6808,0x6808,0x0800,0xC952,0x6B7B,0x0863,0x6A73,0xAA73,0xC552,0x2763,0x465B,0x6542,0x0800,0x6808,0x6808,0x6808,0x6808,0x6808,0x6808,0x6808,0x6808,0x6808,0x6808,0x6808,0x6808,0x6808,0x6808,0x6808,0x6808,0x6808,0x6808,0x6808,0x6808,0x6808,0x6808,0x6808,0x6808,0x6808,0x6808,0x6808,0x6808,0x6808,0x0800,0x676B,0x8A7B,0xAA7B,0x676B,0x073A,0x0800,0x6808,0x6808,0x6808,0x6808,0x6808,0x6808,0x6808,0x6808,0x6808,0x6808,0x6808,0x6808,0x6808,0x6808,0x6808,0x6808,0x6808,0x6808,0x6808,0x6808,0x6808,0x6808,0x6808,0x6808,0x6808,0x6808,0x6808,0x6808,0x6808,0x6808,0x6808,0x6808,0x6808,0x6808,0x6808,0x6808,0x4808,0x8421,0x0984,0xC55A,0x8352,0x0842,0x0719,0x0800,0x0700,0xA731,0x8883,0x296B,0x6B83,0x8B83,0xE86A,0x4863,0xA552,0x6419,0x4808,0x6808,0x6808,0x6808,0x6808,0x6808,0x6808,0x6808,0x6808,0x6808,0x6808,0x6808,
    0x6808,0x6808,0x6808,0x6808,0x6808,0x6808,0x6808,0x6808,0x6808,0x6808,0x6808,0x6808,0x6808,0x6808,0x6808,0x6808,0x6808,0x6808,0x6808,0x6808,0x6808,0x6808,0x6808,0x6808,0x6808,0x6808,0x6808,0x6808,0x6808,0x6808,0x6808,0x6808,0x6808,0x6808,0x6808,0x6808,0x6808,0x6808,0x6808,0x6808,0x6808,0x6808,0x6808,0x6808,0x6808,0x6808,0x6808,0x0700,0x0B74,0x086B,0x2A6B,0x486B,0x8442,0xE552,0x065B,0x8629,0x0800,0x6808,0x6808,0x6808,0x6808,0x6808,0x6808,0x6808,0x6808,0x6808,0x6808,0x6808,0x6808,0x6808,0x6808,0x6808,0x6808,0x6808,0x6808,0x6808,0x6808,0x6808,0x6808,0x6808,0x6808,0x6808,0x6808,0x6808,0x6808,0x6808,0x6808,0x4808,0xE718,0xE718,0x2600,0x0800,0x2800,0x6808,0x6808,0x6808,0x6808,0x6808,0x6808,0x6808,0x6808,0x6808,0x6808,0x6808,0x6808,0x6808,0x6808,0x6808,0x6808,0x6808,0x6808,0x6808,0x6808,0x6808,0x6808,0x6808,0x6808,0x6808,0x6808,0x6808,0x6808,0x6808,0x6808,0x6808,0x6808,0x6808,0x6808,0x6808,0x6808,0x6808,0x4808,0x0511,0xC731,0x2800,0x4800,0x2800,0x4808,0x6808,0x6808,0x0800,0xE610,0xA53A,0x2873,0x296B,0x8B73,0x475B,0x444A,0x2900,0x6808,0x6808,0x6808,0x6808,0x6808,0x6808,0x6808,0x6808,0x6808,0xC610,0x4808,0x6808,
    0x6808,0x6808,0x6808,0x6808,0x6808,0x6808,0x6808,0x6808,0x6808,0x6808,0x6808,0x6808,0x6808,0x6808,0x6808,0x6808,0x6808,0x6808,0x6808,0x6808,0x6808,0x6808,0x6808,0x6808,0x6808,0x6808,0x6808,0x6808,0x6808,0x6808,0x6808,0x6808,0x6808,0x6808,0x6808,0x6808,0x6808,0x6808,0x6808,0x6808,0x6808,0x6808,0x6808,0x6808,0x6808,0x6808,0x4808,0x4319,0xEE83,0x4973,0xE862,0xE75A,0x486B,0x0453,0x453A,0x0800,0x6808,0x6808,0x6808,0x6808,0x6808,0x6808,0x6808,0x6808,0x6808,0x6808,0x6808,0x6808,0x6808,0x6808,0x6808,0x6808,0x6808,0x6808,0x6808,0x6808,0x6808,0x6808,0x6808,0x6808,0x6808,0x6808,0x6808,0x6808,0x6808,0x6808,0x6808,0x6808,0x4808,0x4808,0x6808,0x6808,0x6808,0x6808,0x6808,0x6808,0x6808,0x6808,0x6808,0x6808,0x6808,0x6808,0x6808,0x6808,0x6808,0x6808,0x6808,0x6808,0x6808,0x6808,0x6808,0x6808,0x6808,0x6808,0x6808,0x6808,0x6808,0x6808,0x6808,0x6808,0x6808,0x6808,0x6808,0x6808,0x6808,0x6808,0x6808,0x6808,0x6808,0x6808,0x6808,0x4808,0x4808,0x6808,0x6808,0x6808,0x6808,0x6808,0x6808,0x6808,0x4808,0x0900,0xE442,0x855B,0xE44A,0x4019,0x0519,0x4808,0x6808,0x6808,0x6808,0x6808,0x6808,0x6808,0x6808,0x6808,0x4808,0x6519,0xC610,0x8708,
    0x6808,0x6808,0x6808,0x6808,0x6808,0x6808,0x6808,0x6808,0x6808,0x6808,0x6808,0x6808,0x6808,0x6808,0x6808,0x6808,0x6808,0x6808,0x6808,0x6808,0x6808,0x6808,0x6808,0x6808,0x6808,0x6808,0x6808,0x6808,0x6808,0x6808,0x6808,0x6808,0x6808,0x6808,0x6808,0x6808,0x6808,0x6808,0x6808,0x6808,0x6808,0x6808,0x6808,0x6808,0x6808,0x6808,0x4808,0x6321,0x2A6B,0x4A73,0xE862,0xC652,0xC84A,0xC710,0x0800,0x6808,0x6808,0x6808,0x6808,0x6808,0x6808,0x6808,0x6808,0x6808,0x6808,0x6808,0x6808,0x6808,0x6808,0x6808,0x6808,0x6808,0x6808,0x6808,0x6808,0x6808,0x6808,0x6808,0x6808,0x6808,0x6808,0x6808,0x6808,0x6808,0x6808,0x6808,0x6808,0x6808,0x6808,0x6808,0x6808,0x6808,0x6808,0x6808,0x6808,0x6808,0x6808,0x6808,0x6808,0x6808,0x6808,0x6808,0x6808,0x6808,0x6808,0x6808,0x6808,0x6808,0x6808,0x6808,0x6808,0x6808,0x6808,0x6808,0x6808,0x6808,0x6808,0x6808,0x6808,0x6808,0x6808,0x6808,0x6808,0x6808,0x6808,0x6808,0x6808,0x6808,0x6808,0x6808,0x6808,0x6808,0x6808,0x6808,0x6808,0x6808,0x6808,0x6808,0x6808,0x6808,0x6808,0x6808,0x0800,0x6708,0x4808,0x6808,0x4808,0x6808,0x6808,0x6808,0x6808,0x6808,0x6808,0x6808,0x6808,0x6808,0x2908,0x4519,0x4332,0x6808,
    0x6808,0x6808,0x6808,0x6808,0x6808,0x6808,0x6808,0x6808,0x6808,0x6808,0x6808,0x6808,0x6808,0x6808,0x6808,0x6808,0x6808,0x6808,0x6808,0x6808,0x6808,0x6808,0x6808,0x6808,0x6808,0x6808,0x6808,0x6808,0x6808,0x6808,0x6808,0x6808,0x6808,0x6808,0x6808,0x6808,0x6808,0x6808,0x6808,0x6808,0x6808,0x6808,0x6808,0x6808,0x6808,0x6808,0x2808,0xC421,0x4B73,0x4973,0x6973,0x6721,0x4808,0x4808,0x6808,0x6808,0x6808,0x6808,0x6808,0x6808,0x6808,0x6808,0x6808,0x6808,0x6808,0x6808,0x6808,0x6808,0x6808,0x6808,0x6808,0x6808,0x6808,0x6808,0x6808,0x6808,0x6808,0x6808,0x6808,0x6808,0x6808,0x6808,0x6808,0x6808,0x6808,0x6808,0x6808,0x6808,0x6808,0x6808,0x6808,0x6808,0x6808,0x6808,0x6808,0x6808,0x6808,0x6808,0x6808,0x6808,0x6808,0x6808,0x6808,0x6808,0x6808,0x6808,0x6808,0x6808,0x6808,0x6808,0x6808,0x6808,0x6808,0x6808,0x6808,0x6808,0x6808,0x6808,0x6808,0x6808,0x6808,0x6808,0x6808,0x6808,0x6808,0x6808,0x6808,0x6808,0x6808,0x6808,0x6808,0x6808,0x6808,0x6808,0x6808,0x6808,0x6808,0x6808,0x6808,0x6808,0x6808,0x6808,0x6808,0x4808,0xE310,0x0332,0x2808,0x6808,0x6808,0x6808,0x6808,0x6808,0x6808,0x6808,0x6808,0x0800,0x8321,0x2611,0x6808,0x6808,
    0x6808,0x8808,0x6808,0x6808,0x6808,0x6808,0x6808,0x6808,0x6808,0x6808,0x6808,0x6808,0x6808,0x6808,0x6808,0x6808,0x6808,0x6808,0x6808,0x6808,0x6808,0x6808,0x6808,0x6808,0x6808,0x6808,0x6808,0x6808,0x6808,0x6808,0x6808,0x6808,0x6808,0x6808,0x6808,0x6808,0x6808,0x6808,0x6808,0x6808,0x6808,0x6808,0x6808,0x6808,0x6808,0x6808,0x4708,0x072A,0x8B7B,0x4A73,0xEA83,0x0700,0x4808,0x6808,0x6808,0x6808,0x6808,0x6808,0x6808,0x6808,0x6808,0x6808,0x6808,0x6808,0x6808,0x6808,0x6808,0x6808,0x6808,0x6808,0x6808,0x6808,0x6808,0x6808,0x6808,0x6808,0x6808,0x6808,0x6808,0x6808,0x6808,0x6808,0x6808,0x6808,0x6808,0x6808,0x6808,0x6808,0x6808,0x6808,0x6808,0x6808,0x6808,0x6808,0x6808,0x6808,0x6808,0x6808,0x6808,0x6808,0x6808,0x6808,0x6808,0x6808,0x6808,0x6808,0x6808,0x6808,0x6808,0x6808,0x6808,0x6808,0x6808,0x6808,0x6808,0x6808,0x6808,0x6808,0x6808,0x6808,0x6808,0x6808,0x6808,0x6808,0x6808,0x6808,0x6808,0x6808,0x6808,0x6808,0x6808,0x6808,0x6808,0x6808,0x6808,0x6808,0x6808,0x6808,0x6808,0x6808,0x6808,0x6808,0x6808,0x6808,0x6808,0x8608,0x6808,0x6808,0x6808,0x6808,0x6808,0x6808,0x6808,0x6808,0x6808,0xA952,0x273A,0x0800,0x6808,0x6808,
    0x6808,0x6808,0x6808,0x6808,0x6808,0x6808,0x6808,0x6808,0x6808,0x6808,0x6808,0x6808,0x6808,0x6808,0x6808,0x6808,0x6808,0x6808,0x6808,0x6808,0x6808,0x6808,0x6808,0x6808,0x6808,0x6808,0x6808,0x6808,0x6808,0x6808,0x6808,0x6808,0x6808,0x6808,0x6808,0x6808,0x6808,0x6808,0x6808,0x6808,0x6808,0x6808,0x6808,0x6808,0x6808,0x6808,0x2500,0xAE6B,0x2973,0x897B,0x4700,0x4808,0x6808,0x6808,0x6808,0x6808,0x6808,0x6808,0x6808,0x6808,0x6808,0x6808,0x6808,0x6808,0x6808,0x6808,0x6808,0x6808,0x6808,0x6808,0x6808,0x6808,0x6808,0x6808,0x6808,0x6808,0x6808,0x6808,0x6808,0x6808,0x6808,0x6808,0x6808,0x6808,0x6808,0x6808,0x6808,0x6808,0x6808,0x6808,0x6808,0x6808,0x6808,0x6808,0x6808,0x6808,0x6808,0x6808,0x6808,0x6808,0x6808,0x6808,0x6808,0x6808,0x6808,0x6808,0x6808,0x6808,0x6808,0x6808,0x6808,0x6808,0x6808,0x6808,0x6808,0x6808,0x6808,0x6808,0x6808,0x6808,0x6808,0x6808,0x6808,0x6808,0x6808,0x6808,0x6808,0x6808,0x6808,0x6808,0x6808,0x6808,0x6808,0x6808,0x6808,0x6808,0x6808,0x6808,0x6808,0x6808,0x6808,0x6808,0x6808,0x6808,0x6808,0x6808,0x6808,0x6808,0x6808,0x6808,0x6808,0x6808,0x6808,0x4808,0xA429,0x263A,0x0800,0x6808,0x6808,0x6808,
    0x6808,0x6808,0x6808,0x6808,0x6808,0x6808,0x6808,0x6808,0x6808,0x6808,0x6808,0x6808,0x6808,0x6808,0x6808,0x6808,0x6808,0x6808,0x6808,0x6808,0x6808,0x6808,0x6808,0x6808,0x6808,0x6808,0x6808,0x6808,0x6808,0x6808,0x6808,0x6808,0x6808,0x6808,0x6808,0x6808,0x6808,0x6808,0x6808,0x6808,0x6808,0x6808,0x6808,0x6808,0x6808,0x4808,0xC510,0x5ABE,0xA983,0xEA8B,0x0832,0x2808,0x6808,0x6808,0x6808,0x6808,0x6808,0x6808,0x6808,0x6808,0x6808,0x6808,0x6808,0x6808,0x6808,0x6808,0x6808,0x6808,0x6808,0x6808,0x6808,0x6808,0x6808,0x6808,0x6808,0x6808,0x6808,0x6808,0x6808,0x6808,0x6808,0x6808,0x6808,0x6808,0x6808,0x6808,0x6808,0x6808,0x6808,0x6808,0x6808,0x6808,0x6808,0x6808,0x6808,0x6808,0x6808,0x6808,0x6808,0x6808,0x6808,0x6808,0x6808,0x6808,0x6808,0x6808,0x6808,0x6808,0x6808,0x6808,0xE918,0x6708,0x6808,0x6808,0x6808,0x6808,0x6808,0x6808,0x6808,0x6808,0x6808,0x6808,0x6808,0x6808,0x6808,0x6808,0x6808,0x6808,0x6808,0x6808,0x6808,0x6808,0x6808,0x6808,0x6808,0x6808,0x6808,0x6808,0x6808,0x6808,0x6808,0x6808,0x6808,0x6808,0x6808,0x6808,0x6808,0x6808,0x6808,0x6808,0x6808,0x6808,0x6808,0x6808,0x4808,0x4808,0x6808,0x6808,0x6808,0x6808,
    0x6808,0x6808,0x6808,0x6808,0x6808,0x6808,0x6808,0x6808,0x6808,0x6808,0x6808,0x6808,0x6808,0x6808,0x6808,0x6808,0x6808,0x6808,0x6808,0x6808,0x6808,0x6808,0x6808,0x6808,0x6808,0x6808,0x6808,0x6808,0x6808,0x6808,0x6808,0x6808,0x6808,0x6808,0x6808,0x6808,0x6808,0x6808,0x6808,0x6808,0x6808,0x6808,0x6808,0x6808,0x6808,0x4808,0xE718,0x3395,0x6783,0xE729,0x0800,0x6808,0x4808,0xE718,0x8710,0x6808,0x6808,0x6808,0x6808,0x6808,0x6808,0x6808,0x6808,0x6808,0x6808,0x6808,0x6808,0x6808,0x6808,0x6808,0x6808,0x6808,0x6808,0x6808,0x6808,0x6808,0x6808,0x6808,0x6808,0x6808,0x6808,0x6808,0x6808,0x6808,0x6808,0x6808,0x6808,0x6808,0x6808,0x6808,0x6808,0x6808,0x6808,0x6808,0x6808,0x6808,0x6808,0x6808,0x6808,0x6808,0x6808,0x6808,0x6808,0x6808,0x6808,0x6808,0x6808,0x6808,0x6808,0x6808,0x6708,0x6808,0x6808,0x6808,0x6808,0x6808,0x6808,0x6808,0x6808,0x6808,0x6808,0x6808,0x6808,0x6808,0x6808,0x6808,0x6808,0x6808,0x6808,0x6808,0x6808,0x6808,0x6808,0x6808,0x6808,0x6808,0x6808,0x6808,0x6808,0x6808,0x6808,0x6808,0x6808,0x6808,0x6808,0x6808,0x6808,0x6808,0x6808,0x6808,0x6808,0x6808,0x6808,0x8808,0x6808,0x6808,0x6808,0x6808,0x6808,0x6808,
    0x6808,0x6808,0x6808,0x6808,0x6808,0x6808,0x6808,0x6808,0x6808,0x6808,0x6808,0x6808,0x6808,0x6808,0x6808,0x6808,0x6808,0x6808,0x6808,0x6808,0x6808,0x6808,0x6808,0x6808,0x6808,0x6808,0x6808,0x6808,0x6808,0x6808,0x6808,0x6808,0x6808,0x6808,0x6808,0x6808,0x6808,0x6808,0x6808,0x6808,0x6808,0x6808,0x6808,0x6808,0x6808,0x6808,0x4708,0x8E63,0x664A,0x274B,0x0800,0x6808,0x6808,0xE718,0x4808,0x6808,0x6808,0x6808,0x6808,0x6808,0x6808,0x6808,0x6808,0x2600,0x6808,0x6808,0x6808,0x6808,0x6808,0x6808,0x6808,0x6808,0x6808,0x6808,0x6808,0x6808,0x6808,0x6808,0x6808,0x6808,0x6808,0x6808,0x6808,0x6808,0x6808,0x6808,0x6808,0x6808,0x6808,0x6808,0x6808,0x6808,0x6808,0x6808,0x6808,0x6808,0x6808,0x6808,0x6808,0x6808,0x6808,0x6808,0x6808,0x6808,0x6808,0x6808,0x6808,0x6808,0x6808,0x6808,0x6808,0x6808,0x6808,0x6808,0x6808,0x6808,0x6808,0x6808,0x6808,0x6808,0x6808,0x6808,0x6808,0x6808,0x6808,0x6808,0x6808,0x6808,0x6808,0x6808,0x6808,0x6808,0x6808,0x6808,0x6808,0x6808,0x6808,0x6808,0x6808,0x6808,0x6808,0x6808,0x6808,0x6808,0x6808,0x6808,0x6808,0x6808,0x6808,0x6808,0x6808,0x6808,0x6808,0x6808,0x6808,0x6808,0x6808,0x6808,0x6808,0x6808,
    0x6808,0x6808,0x6808,0x6808,0x6808,0x6808,0x6808,0x6808,0x6808,0x6808,0x6808,0x6808,0x6808,0x6808,0x6808,0x6808,0x6808,0x6808,0x6808,0x6808,0x6808,0x6808,0x6808,0x6808,0x6808,0x6808,0x6808,0x6808,0x6808,0x6808,0x6808,0x6808,0x6808,0x6808,0x6808,0x6808,0x6808,0x6808,0x6808,0x6808,0x6808,0x6808,0x6808,0x6808,0x6808,0x6808,0x6808,0x0600,0x2C3A,0x8A4A,0x6721,0x4808,0x6808,0x6808,0x6808,0x6808,0x6808,0x6808,0x6808,0x6808,0x6808,0x6808,0x4808,0x8A29,0x4708,0x6808,0x6808,0x6808,0x6808,0x6808,0x6808,0x6808,0x6808,0x6808,0x6808,0x6808,0x6808,0x6808,0x6808,0x6808,0x6808,0x6808,0x6808,0x6808,0x6808,0x6808,0x6808,0x6808,0x6808,0x6808,0x6808,0x6808,0x6808,0x6808,0x6808,0x6808,0x6808,0x6808,0x6808,0x6808,0x6808,0x6808,0x6808,0x6808,0x6808,0x6808,0x6808,0x6808,0x6808,0x6808,0x6808,0x6808,0x6808,0x6808,0x6808,0x6808,0x6808,0x6808,0x6808,0x6808,0x6808,0x6808,0x6808,0x6808,0x6808,0x6808,0x6808,0x6808,0x6808,0x6808,0x6808,0x6808,0x6808,0x6808,0x6808,0x6808,0x6808,0x6808,0x6808,0x6808,0x6808,0x6808,0x6808,0x6808,0x6808,0x6808,0x6808,0x6808,0x6808,0x6808,0x6808,0x6808,0x6808,0x6808,0x6808,0x6808,0x6808,0x6808,0x6808,0x6808,
    0x6808,0x6808,0x6808,0x6808,0x6808,0x6808,0x6808,0x6808,0x6808,0x6808,0x6808,0x6808,0x6808,0x6808,0x6808,0x6808,0x6808,0x6808,0x6808,0x6808,0x6808,0x6808,0x6808,0x6808,0x6808,0x6808,0x6808,0x6808,0x6808,0x6808,0x6808,0x6808,0x6808,0x6808,0x6808,0x6808,0x6808,0x6808,0x6808,0x6808,0x6808,0x6808,0x6808,0x6808,0x6808,0x6808,0x6808,0x6808,0x2708,0x2800,0x4808,0x6808,0x6808,0x6808,0x6808,0x6808,0x6808,0x6808,0x6808,0x6808,0x6808,0x6808,0x6808,0x4808,0x6808,0x6808,0x6808,0x6808,0xA810,0x6808,0x6808,0x6808,0x6808,0x6808,0x6808,0x6808,0x6808,0x6808,0x6808,0x6808,0x6808,0x6808,0x6808,0x6808,0x6808,0x6808,0x6808,0x6808,0x6808,0x6808,0x6808,0x6808,0x6808,0x6808,0x6808,0x6808,0x6808,0x6808,0x6808,0x6808,0x6808,0x6808,0x6808,0x6808,0x6808,0x6808,0x6808,0x6808,0x6808,0x6808,0x6808,0x6808,0x6808,0x6808,0x6808,0x6808,0x6808,0x6808,0x6808,0x6808,0x6808,0x6808,0x6808,0x6808,0x6808,0x6808,0x6808,0x6808,0x6808,0x6808,0x6808,0x6808,0x6808,0x6808,0x6808,0x6808,0x6808,0x6808,0x6808,0x6808,0x6808,0x6808,0x6808,0x6808,0x6808,0x6808,0x6808,0x6808,0x6808,0x6808,0x6808,0x6808,0x6808,0x6808,0x6808,0x6808,0x6808,0x6808,0x6808,0x6808,
    0x6808,0x6808,0x6808,0x6808,0x6808,0x6808,0x6808,0x6808,0x6808,0x6808,0x6808,0x6808,0x6808,0x6808,0x6808,0x6808,0x6808,0x6808,0x6808,0x6808,0x6808,0x6808,0x6808,0x6808,0x6808,0x6808,0x6808,0x6808,0x6808,0x6808,0x6808,0x6808,0x6808,0x6808,0x6808,0x6808,0x6808,0x6808,0x6808,0x6808,0x6808,0x6808,0x6808,0x6808,0x6808,0x6808,0x6808,0x6808,0x6808,0x6808,0x6808,0x6808,0x6808,0x6808,0x6808,0x6808,0x6808,0x6808,0x6808,0x8810,0x6808,0x6808,0x6808,0x6808,0x6808,0x6808,0x6808,0x6808,0x6708,0x6808,0x6808,0x6808,0x6808,0x6808,0x6808,0x6808,0x6808,0x6808,0x6808,0x6808,0x6808,0x6808,0x6808,0x6808,0x6808,0x6808,0x6808,0x6808,0x6808,0x6808,0x6808,0x6808,0x6808,0x6808,0x6808,0x6808,0x6808,0x6808,0x6808,0x6808,0x6808,0x6808,0x6808,0x6808,0x6808,0x6808,0x6808,0x6808,0x6808,0x6808,0x6808,0x6808,0x6808,0x6808,0x6808,0x6808,0x6808,0x6808,0x6808,0x6808,0x6808,0x6808,0x6808,0x6808,0x6808,0x6808,0x6808,0x6808,0x6808,0x6808,0x6808,0x6808,0x6808,0x6808,0x6808,0x6808,0x6808,0x6808,0x6808,0x6808,0x6808,0x6808,0x6808,0x6808,0x6808,0x6808,0x6808,0x6808,0x6808,0x6808,0x6808,0x6808,0x6808,0x6808,0x6808,0x6808,0x6808,0x6808,0x6808,0x6808,
    0x6808,0x6808,0x6808,0x6808,0x6808,0x6808,0x6808,0x6808,0x6808,0x6808,0x6808,0x6808,0x6808,0x6808,0x6808,0x6808,0x6808,0x6808,0x6808,0x6808,0x6808,0x6808,0x6808,0x6808,0x6808,0x6808,0x6808,0x6808,0x6808,0x6808,0x6808,0x6808,0x6808,0x6808,0x6808,0x6808,0x6808,0x6808,0x6808,0x6808,0x6808,0x6808,0x6808,0x6808,0x6808,0x6808,0x6808,0x6808,0x6808,0x6808,0x6808,0x6808,0x4808,0x6808,0x4708,0x4708,0x6808,0x6808,0x6808,0x4708,0x6808,0x6808,0x6808,0x6808,0x6808,0x6808,0x6808,0x6808,0x6808,0x6808,0x6808,0x6808,0x6808,0x6808,0x6808,0x6808,0x6808,0x6808,0x6808,0x6808,0x6808,0x6808,0x6808,0x6808,0x6808,0x6808,0x6808,0x6808,0x6808,0x6808,0x6808,0x6808,0x6808,0x6808,0x6808,0x6808,0x6808,0x6808,0x6808,0x6808,0x6808,0x6808,0x6808,0x6808,0x6808,0x6808,0x6808,0x6808,0x6808,0x6808,0x6808,0x6808,0x6808,0x6808,0x6808,0x6808,0x6808,0x6808,0x6808,0x6808,0x6808,0x6808,0x6808,0x6808,0x6808,0x6808,0x6808,0x6808,0x6808,0x6808,0x6808,0x6808,0x6808,0x6808,0x6808,0x6808,0x6808,0x6808,0x6808,0x6808,0x6808,0x6808,0x6808,0x6808,0x6808,0x6808,0x6808,0x6808,0x6808,0x6808,0x6808,0x6808,0x6808,0x6808,0x6808,0x6808,0x6808,0x6808,0x6808,0x6808,
    0x6808,0x6808,0x6808,0x6808,0x6808,0x6808,0x6808,0x6808,0x6808,0x6808,0x6808,0x6808,0x6808,0x6808,0x6808,0x6808,0x6808,0x6808,0x6808,0x6808,0x6808,0x6808,0x6808,0x6808,0x6808,0x6808,0x6808,0x6808,0x6808,0x6808,0x6808,0x6808,0x6808,0x6808,0x6808,0x6808,0x6808,0x6808,0x6808,0x6808,0x6808,0x6808,0x6808,0x6808,0x6808,0x6808,0x6808,0x6808,0x6808,0x4808,0x2700,0x2600,0x2821,0x6E6B,0xEA39,0xC918,0x6808,0x6808,0x6808,0x6808,0x6808,0x6808,0x6808,0x6808,0x6808,0x6808,0x6808,0x6808,0x6808,0x6808,0x6808,0x6808,0x6808,0x6808,0x6808,0x6808,0x6808,0x6808,0x6808,0x6808,0x6808,0x6808,0x6808,0x6808,0x6808,0x6808,0x6808,0x6808,0x6808,0x6808,0x6808,0x6808,0x6808,0x6808,0x6808,0x6808,0x6808,0x6808,0x6808,0x6808,0x6808,0x6808,0x2800,0x0600,0x0600,0x4708,0x6808,0x6808,0x6808,0x6808,0x6808,0x6808,0x6808,0x6808,0x6808,0x6808,0x4708,0x2700,0x0700,0x0700,0x2700,0x2700,0x6708,0x6708,0x0600,0x2700,0x0700,0x2700,0x4708,0x0700,0x0600,0x2708,0x4708,0x4708,0x2700,0x0500,0x0400,0x0600,0x0600,0x0600,0x0700,0x2700,0x2700,0x4708,0x4808,0x6808,0x6808,0x6808,0x6808,0x6808,0x6808,0x6808,0x6808,0x6808,0x6808,0x6808,0x6808,0x6808,0x6808,0x6808,
    0x6808,0x6808,0x6808,0x6808,0x6808,0x6808,0x6808,0x6808,0x6808,0x6808,0x6808,0x6808,0x6808,0x6808,0x6808,0x6808,0x6808,0x6808,0x6808,0x6808,0x6808,0x6808,0x6808,0x6808,0x6808,0x6808,0x6808,0x6808,0x6808,0x6808,0x6808,0x6808,0x6808,0x6808,0x6808,0x6808,0x6808,0x6808,0x6808,0x6808,0x6808,0x6808,0x6808,0x6808,0x6808,0x6808,0x6808,0x6808,0x2700,0x2921,0x0B42,0xD39C,0x17BE,0xC718,0x2700,0x6808,0x6808,0x6808,0x6808,0x6808,0x6808,0x6808,0x6808,0x6808,0x6808,0x6808,0x6808,0x6808,0x6808,0x6808,0x6808,0x6808,0x6808,0x6808,0x6808,0x6808,0x6808,0x6808,0x6808,0x6808,0x6808,0x6808,0x6808,0x6808,0x6808,0x6808,0x6808,0x6808,0x6808,0x6808,0x6808,0x6808,0x6808,0x4708,0x2700,0x4808,0x6808,0x6808,0x0700,0x0600,0x0500,0x4508,0xC831,0x928C,0x35A5,0x6929,0x0500,0x0400,0x0400,0x0600,0x0600,0x2700,0x4808,0x6808,0x4708,0x0600,0x6A21,0x2D3A,0xF07B,0xAC5A,0x6C4A,0x2B42,0x5284,0xB394,0xD06B,0x9063,0x3053,0x8D4A,0x4A21,0xCC5A,0x9484,0xCB31,0x2919,0x2921,0x2B42,0x979D,0x1CDF,0xB163,0xB394,0xD494,0xF173,0x4C42,0xEA41,0x8A31,0xC718,0x0600,0x0600,0x0700,0x2700,0x4708,0x4808,0x6808,0x6808,0x6808,0x6808,0x6808,0x6808,0x6808,0x6808,0x6808,
    0x6808,0x6808,0x6808,0x6808,0x6808,0x6808,0x6808,0x6808,0x6808,0x6808,0x6808,0x6808,0x6808,0x6808,0x6808,0x6808,0x6808,0x6808,0x6808,0x6808,0x6808,0x6808,0x6808,0x6808,0x6808,0x6808,0x6808,0x6808,0x6808,0x6808,0x6808,0x6808,0x6808,0x6808,0x6808,0x6808,0x6808,0x6808,0x6808,0x6808,0x6808,0x6808,0x6808,0x6808,0x6808,0x6808,0x0600,0x0500,0x4C4A,0x2400,0x14A5,0x97AD,0xF39C,0x8C52,0x0700,0x6808,0x6808,0x6808,0x6808,0x6808,0x6808,0x6808,0x6808,0x6808,0x6808,0x6808,0x6808,0x6808,0x6808,0x6808,0x6808,0x6808,0x6808,0x6808,0x4808,0x0700,0x0700,0x0600,0x0700,0x0500,0x0500,0x0600,0x0600,0x0500,0x0500,0x0500,0x6608,0x0400,0x0500,0x0600,0x0700,0x0700,0x0500,0x6929,0xEA39,0xA931,0x0400,0x0400,0xB06B,0x76AD,0x78CE,0x79CE,0x96AD,0x37CE,0xD9E6,0x37CE,0x37CE,0xF7BD,0xBACE,0x95B5,0x139D,0x4B42,0xE720,0x0500,0x2821,0x33AD,0x36CE,0xF5CD,0x74B5,0x95AD,0x75AD,0x96AD,0xD8B5,0x19BE,0x76A5,0x579D,0x1AB6,0x77A5,0xB38C,0xD58C,0xD494,0x5795,0x7BBE,0x1AAE,0xD9AD,0x39BE,0x38C6,0x1AE7,0x59C6,0xB38C,0xD29C,0x54AD,0x59C6,0x59C6,0x9DF7,0x518C,0xD49C,0x7063,0xAC4A,0x6A29,0x6608,0x0500,0x0700,0x0700,0x2700,0x4808,0x6808,0x6808,0x6808,0x6808,
    0x6808,0x6808,0x6808,0x6808,0x6808,0x6808,0x6808,0x6808,0x6808,0x6808,0x6808,0x6808,0x6808,0x6808,0x6808,0x6808,0x6808,0x6808,0x6808,0x6808,0x6808,0x6808,0x6808,0x4708,0x4708,0x4708,0x4708,0x4808,0x4808,0x6808,0x6808,0x6808,0x6808,0x6808,0x0500,0x2600,0x2600,0x0500,0x0600,0x0600,0x0600,0x0700,0x2700,0x4808,0x0700,0x0500,0xAB52,0x37C6,0xD6BD,0x149D,0x34AD,0xB6B5,0x75AD,0x6708,0x4808,0x6808,0x6808,0x6808,0x6808,0x6808,0x6808,0x6808,0x6808,0x6808,0x6808,0x6808,0x6808,0x6808,0x6808,0x6808,0x6808,0x0700,0x0600,0x0500,0x6608,0x0E5B,0xD07B,0xD2A4,0xD19C,0xD5BD,0xD5BD,0x74B5,0x53AD,0x95B5,0xB6B5,0x718C,0x569D,0x17BE,0xF2A4,0x9194,0xEF83,0xCE7B,0x33A5,0x74B5,0xF39C,0xB6BD,0x18B6,0x19B6,0x1AB6,0xD9AD,0x38C6,0x58D6,0x38CE,0x58D6,0x36D6,0xB8E6,0x16CE,0xD5C5,0x12AD,0x518C,0xAA52,0x2C6B,0x149D,0x37CE,0x15CE,0x74BD,0xD4CD,0x15D6,0xB5BD,0x54B5,0x13A5,0xF39C,0xD39C,0x159D,0x77A5,0xFAAD,0x1AB6,0xB8AD,0xB38C,0xF494,0xD58C,0x159D,0xB7B5,0x59CE,0xFAE6,0x3AF7,0xF9EE,0xB5BD,0xF3A4,0xD29C,0x13A5,0xD6BD,0x79D6,0xFCDE,0xD8B5,0xD8B5,0xB7AD,0x79CE,0xB6B5,0x58CE,0xDADE,0xB394,0xAC52,0x0D63,0x6C52,0x0921,0x4808,0x6808,0x6808,0x6808,
    0x6808,0x6808,0x6808,0x6808,0x6808,0x6808,0x6808,0x6808,0x6808,0x6808,0x6808,0x6808,0x6808,0x6808,0x4708,0x2700,0x0700,0x0700,0x0700,0x0600,0x0500,0x0400,0x0300,0x8A31,0xAA31,0x2921,0x6929,0x8710,0x8710,0x4608,0x0400,0x0600,0x0500,0x0500,0xF39C,0xDAD6,0x1BE7,0xB9D6,0x76AD,0xF39C,0xF39C,0xD07B,0x0B42,0xC718,0xED5A,0x34A5,0x6E6B,0x8E73,0x75AD,0x14A5,0xF6C5,0xD5C5,0x518C,0x0B42,0x0700,0x4808,0x6808,0x6808,0x6808,0x6808,0x6808,0x6808,0x6808,0x6808,0x6808,0x6808,0x6808,0x6808,0x0700,0x0500,0x2600,0x3094,0xD1A4,0xB4BD,0x37CE,0xD5C5,0x78D6,0x17CE,0xF6C5,0xF7BD,0xB7B5,0xB7AD,0x75AD,0x54A5,0x35A5,0xF8B5,0x95B5,0xD6BD,0x54AD,0x13A5,0x518C,0x919C,0x33AD,0xF3A4,0xF3A4,0x718C,0x569D,0x97A5,0x56A5,0x56A5,0x35A5,0x55AD,0x74B5,0x74B5,0x33AD,0xB294,0x3084,0xAF73,0x0D5B,0x4521,0xAB52,0x938C,0x55A5,0xF494,0xB6BD,0x38CE,0x38CE,0x17C6,0x96B5,0x75AD,0x34A5,0xF3A4,0xD29C,0x9294,0xB394,0x159D,0xD494,0xF494,0xF494,0xB6B5,0x78DE,0xB9E6,0xB9E6,0xD9E6,0x78DE,0xF6CD,0xD6C5,0x33AD,0x9194,0xB294,0xF39C,0xB394,0x55A5,0xF49C,0xF49C,0x35A5,0xF39C,0xF39C,0x55AD,0x95B5,0x17CE,0xF7C5,0x34AD,0x54AD,0x1084,0x4929,0x4808,0x6808,0x6808,0x6808,
    0x2700,0x4708,0x4708,0x4708,0x4808,0x4808,0x4808,0x2708,0x2700,0x0700,0x0600,0x0700,0x0600,0x0500,0xAA31,0xCD5A,0xB073,0x4E6B,0x9394,0x3084,0xF6BD,0x58CE,0x79CE,0x58CE,0xB6B5,0x75AD,0x34A5,0xD7B5,0x96AD,0xF7B5,0x39BE,0x149D,0xD7B5,0xD073,0x8F6B,0xF073,0xD29C,0xB294,0xF39C,0xB294,0x17C6,0x58CE,0xB6B5,0x95AD,0x34A5,0x718C,0xB19C,0x14A5,0x95B5,0x54AD,0x54AD,0x9394,0x55A5,0x0D5B,0x2B42,0x2929,0x0600,0x0700,0x2700,0x4708,0x4708,0x2708,0x2700,0x4708,0x4808,0x0700,0x0700,0x0500,0x2B42,0xD9DE,0xD6BD,0x13A5,0x97A5,0x97A5,0x76A5,0x149D,0x149D,0x34A5,0x34AD,0xD29C,0x13A5,0x33AD,0x95B5,0x55AD,0x75B5,0x13A5,0x75B5,0xB6BD,0x94B5,0xF6CD,0xD5C5,0xB5C5,0x74BD,0x54B5,0x34A5,0xF49C,0xB38C,0x56A5,0x76A5,0x35A5,0x55A5,0xF49C,0xF39C,0x1084,0xCF7B,0xCF7B,0x1084,0x3084,0x718C,0xB294,0xD394,0x9294,0xB294,0x928C,0x14A5,0x96AD,0x96B5,0xF39C,0x13A5,0xF39C,0xD39C,0xB294,0x718C,0x518C,0x508C,0x518C,0xD29C,0x94BD,0xF5CD,0x57D6,0x98DE,0xFAE6,0xFAE6,0x78D6,0x95BD,0x33AD,0xB29C,0xD29C,0xD29C,0x13A5,0x75AD,0x75AD,0x55AD,0x55AD,0x55AD,0x55AD,0x35A5,0x35A5,0x159D,0xD494,0xB38C,0x56A5,0x0A42,0x0600,0x0600,0x0700,0x0700,0x0700,0x0700,0x2700,
    0xEB39,0x8A31,0x6929,0x2921,0xE818,0xE818,0x8710,0xCA31,0x8D4A,0x6F6B,0x928C,0xF07B,0x9294,0x58C6,0xB9D6,0x9AD6,0xDBD6,0x96AD,0x359D,0x97AD,0x96AD,0x55AD,0x149D,0x3184,0x938C,0xB38C,0x7284,0x928C,0xB29C,0xD29C,0x919C,0xB29C,0xB19C,0xB19C,0x7094,0xD39C,0x34AD,0x34AD,0xD29C,0xB19C,0x7194,0x1084,0x3184,0x3184,0x718C,0x76A5,0x3184,0x728C,0x3084,0xCF73,0x3084,0x107C,0xEF7B,0x1084,0xCF73,0xAF63,0xAF6B,0x2D5B,0x2B3A,0xCA31,0xAA31,0xCA31,0x4B42,0xEB31,0xE810,0x2E63,0xCF6B,0xD38C,0x5284,0xF073,0x3184,0x317C,0x7284,0x728C,0xB394,0x55AD,0x55AD,0x34A5,0x14A5,0x75B5,0xF7BD,0x13A5,0x13A5,0x34A5,0x75AD,0x14A5,0x76AD,0x96AD,0xB7AD,0x96AD,0xF8BD,0x75B5,0x96B5,0xB5BD,0x73BD,0x53B5,0x12AD,0xF2A4,0xB29C,0xF39C,0xB294,0xD29C,0x14A5,0xF7BD,0xD7BD,0x96B5,0xB6B5,0x75AD,0x14A5,0x13A5,0xB294,0x928C,0x9294,0x928C,0x928C,0x518C,0x518C,0x7194,0x518C,0x508C,0x3084,0x308C,0x518C,0x718C,0x9194,0xB29C,0xB29C,0x718C,0xF3A4,0x13A5,0x54AD,0x34A5,0xD29C,0x9194,0x9194,0xD29C,0xD39C,0xB294,0xB294,0xB394,0xB294,0x9294,0x9294,0x9294,0x9294,0xD29C,0xF39C,0x9294,0xB294,0x13A5,0x74B5,0x6F6B,0xAD52,0xC718,0xD07B,0xAF73,0x528C,0xD07B,0x2E63,0x0B42,
    0x55A5,0x75AD,0x75A5,0xB7B5,0xB7AD,0xB7AD,0xD7AD,0xD7B5,0x928C,0x928C,0x728C,0x938C,0x5284,0x5284,0x107C,0x107C,0x107C,0x107C,0x3184,0x5284,0x317C,0x938C,0xB38C,0xB394,0xD494,0xD494,0xB394,0x928C,0xD394,0x13A5,0xF39C,0xD29C,0xB294,0x9294,0xB294,0xB294,0xD39C,0x9294,0xB29C,0xB29C,0xD29C,0xB29C,0x518C,0x5284,0x8F6B,0x107C,0x117C,0xCF73,0x4E5B,0x6E63,0x4E63,0x8E63,0x4E5B,0xAF6B,0xAF6B,0xAF6B,0xAF6B,0xAF63,0x2D5B,0x307C,0x76AD,0x5184,0x9294,0xEF73,0x728C,0x117C,0xD06B,0x4F5B,0x5284,0x928C,0x117C,0xD073,0xCF73,0xEF7B,0x5084,0x518C,0xF073,0x74B5,0x74B5,0x13A5,0x34A5,0x76AD,0x14A5,0x149D,0x359D,0xB294,0x728C,0x928C,0xB294,0xD29C,0xD29C,0xD29C,0xD29C,0xD29C,0xD29C,0xB294,0x9194,0x508C,0x508C,0x508C,0x508C,0x7194,0x7194,0x308C,0x508C,0x508C,0x508C,0x508C,0x508C,0x508C,0x508C,0x508C,0x708C,0x508C,0x508C,0x508C,0x308C,0x308C,0x508C,0x718C,0x9194,0x9194,0xB294,0xD29C,0xD29C,0xF3A4,0xF3A4,0x34AD,0x34AD,0x34AD,0xF3A4,0xF39C,0xF39C,0xF39C,0x14A5,0xD39C,0x518C,0x718C,0x5184,0x5184,0x918C,0x718C,0x718C,0x9194,0xD29C,0xF39C,0xF39C,0xB29C,0xD29C,0x4E63,0x2E63,0x5284,0x34A5,0x95B5,0x75AD,0xF39C,0xD394,0xF49C,0xB28C,0x34A5,
    0x7284,0x9384,0x527C,0x327C,0x5284,0x7284,0x7284,0x117C,0x5284,0x317C,0xF07B,0xF073,0xF07B,0xCF7B,0xAE73,0xAE73,0xAE73,0xCE73,0xAE73,0xCF73,0xEF7B,0xF07B,0xF07B,0x317C,0x5284,0x7384,0xB38C,0x928C,0x928C,0x928C,0x928C,0x928C,0x728C,0x728C,0x718C,0x9294,0x9194,0x718C,0xB29C,0xB294,0x9294,0x9294,0x5184,0x5184,0x5184,0x5184,0x107C,0xF07B,0xEF7B,0x3184,0x117C,0x107C,0xF073,0xD073,0x8F6B,0xD06B,0xF073,0x117C,0xD394,0xD06B,0xAF6B,0xAD42,0x8C3A,0x117C,0xF073,0x107C,0xF073,0xF073,0xF073,0x928C,0x5184,0x5184,0x5184,0x13A5,0x34AD,0x75B5,0xD6BD,0xB5BD,0x95BD,0xB294,0x928C,0x5184,0x5184,0x3184,0x3184,0x3184,0x3184,0x3184,0x3084,0x107C,0x107C,0x107C,0x107C,0x107C,0x3084,0x508C,0x508C,0x508C,0x508C,0x508C,0x508C,0x508C,0x508C,0x508C,0x508C,0x518C,0x1084,0x518C,0x3084,0x508C,0x308C,0x508C,0x508C,0x518C,0x718C,0x718C,0x9294,0x9294,0xB394,0xD394,0xB394,0xD394,0xB394,0xD39C,0xD29C,0xB29C,0x9294,0x718C,0x718C,0x718C,0x718C,0x518C,0xB294,0x718C,0xD39C,0xF49C,0xB294,0x928C,0x149D,0x149D,0xF49C,0xB394,0xD39C,0xD394,0xB294,0x9294,0x5184,0x5184,0xF073,0x728C,0xD073,0x4F6B,0x8F6B,0x906B,0x5284,0x7284,0x728C,0x7284,0x7284,0x7284,
    0x117C,0x6C42,0x0E5B,0xB06B,0x4F5B,0x4F5B,0x7384,0xD48C,0x9484,0xB484,0x737C,0x737C,0x527C,0xF16B,0xF16B,0xF16B,0xF16B,0x3274,0x3274,0x3274,0x7384,0x537C,0x7384,0x7384,0x7384,0x9384,0xB38C,0xB38C,0x5284,0x7284,0x928C,0x5284,0x317C,0x5184,0x718C,0x928C,0x9294,0xB294,0xB294,0xD39C,0xD394,0xB394,0x107C,0x8E6B,0x8E6B,0xCF73,0xD073,0xD073,0x1174,0x527C,0x5284,0xB06B,0x6E63,0x327C,0xF173,0xD073,0xB394,0xF49C,0xD394,0xB394,0x938C,0xB38C,0x327C,0x1174,0x317C,0x527C,0xD394,0xF39C,0x7284,0x5184,0x9294,0x728C,0x9294,0x107C,0x3184,0x107C,0xF07B,0xF07B,0x8E6B,0xCF7B,0xEF7B,0xEF7B,0x0F84,0x1084,0x1084,0x3084,0x3084,0x3084,0x3084,0x508C,0x508C,0x308C,0x508C,0x508C,0x508C,0x508C,0x708C,0x508C,0x708C,0x7194,0x7194,0x508C,0x308C,0x508C,0x508C,0x3084,0x518C,0x518C,0x718C,0x928C,0x928C,0x928C,0x928C,0x728C,0x728C,0x728C,0x728C,0x718C,0x5184,0x3184,0x5184,0x5184,0x3084,0x3084,0x3084,0x3084,0x3084,0x5184,0x3184,0x5184,0x107C,0x3184,0x107C,0x9294,0x518C,0x728C,0xB294,0xD39C,0xB294,0x9294,0xB294,0xB294,0xD39C,0xD29C,0xD39C,0xD39C,0xD39C,0xD39C,0xD39C,0xD39C,0xB294,0x9294,0xF17B,0x6F6B,0xCA31,0xAC4A,0x5063,0xF07B,0x3184,0x117C,
    0xB394,0x149D,0x54AD,0xB5BD,0xB5BD,0x75AD,0x3184,0x117C,0x5284,0x2E63,0x528C,0x6F6B,0xD06B,0x3184,0x117C,0xD494,0x96B5,0xD39C,0x9294,0xD39C,0x928C,0x5284,0x3284,0x938C,0xB394,0xF39C,0xB294,0x9294,0x9294,0xB294,0xB294,0xF39C,0x55AD,0x75AD,0xB7B5,0xF8BD,0xD7B5,0x96AD,0x97AD,0x149D,0xD494,0xD494,0xD394,0xF494,0x149D,0xD494,0x9384,0x938C,0xD16B,0xF173,0x327C,0x7284,0x728C,0x5184,0x5184,0x5184,0x728C,0x928C,0xD39C,0xD394,0x34A5,0x55AD,0x75AD,0x96B5,0x34A5,0x34A5,0x149D,0xD39C,0xD39C,0xD39C,0xF39C,0x13A5,0xF39C,0x34AD,0x14A5,0xF3A4,0x34A5,0x55A5,0x359D,0x159D,0xF49C,0xF49C,0xD394,0xB294,0x928C,0x728C,0x728C,0x728C,0x718C,0x718C,0x518C,0x518C,0x518C,0x518C,0x718C,0x718C,0x718C,0x718C,0x718C,0x718C,0x518C,0x928C,0x718C,0x5184,0x7284,0x928C,0x728C,0x5184,0x5184,0x728C,0x928C,0x928C,0xB294,0xB294,0xB294,0xB394,0xB394,0xB394,0xB394,0xB394,0xB394,0xB394,0xB394,0xB394,0xB394,0xB294,0xB294,0xB294,0xB294,0xB294,0xB294,0x9294,0x9294,0x928C,0x928C,0x728C,0x928C,0x728C,0x928C,0x9294,0xD394,0xF39C,0x13A5,0x13A5,0x34AD,0x13A5,0x13A5,0x13A5,0x13A5,0xF39C,0x13A5,0x13A5,0x14A5,0x34A5,0x34A5,0xF394,0x149D,0xB394,0xB38C,0xB38C,
    0xB6BD,0xB6BD,0xB5BD,0xB5BD,0xB6BD,0xB6BD,0xD6C5,0xD6C5,0xD6C5,0xD6C5,0xB5BD,0xF6C5,0xF6C5,0xD6C5,0xB5BD,0xB5BD,0xB5BD,0xB6BD,0xD6BD,0x95BD,0xD6BD,0xF6C5,0xF6C5,0xF6C5,0xF7C5,0xF7C5,0xD6C5,0x95B5,0xB6BD,0x95B5,0x75B5,0xB5BD,0x95BD,0xB5BD,0x54AD,0x95B5,0x75B5,0xD6BD,0xD6C5,0xB6BD,0xB6BD,0x95B5,0xB6BD,0xB6BD,0xD6BD,0xF7BD,0xD6BD,0xD6BD,0xF7C5,0xF6C5,0xF7C5,0xD6BD,0xD6BD,0xD7BD,0xF7BD,0xF7BD,0x17C6,0xF7BD,0xD6BD,0xD6BD,0xD6BD,0xD6BD,0xD6BD,0xD6BD,0xF7C5,0xD7BD,0xF7BD,0xF7C5,0xF7C5,0x17C6,0x38C6,0x18C6,0x18C6,0x38C6,0x18BE,0xF8BD,0x59C6,0x17C6,0x38CE,0x17C6,0xF7BD,0xF7BD,0xF7BD,0xD7BD,0xF7C5,0xF7C5,0xD6BD,0xB6BD,0xB6BD,0xB6B5,0xB6BD,0xB6B5,0x95B5,0xB6BD,0xB6B5,0x96B5,0xB6B5,0xB6B5,0xB6BD,0xB6B5,0xB6B5,0x95B5,0xB6BD,0xB6BD,0xB6BD,0x75B5,0x95B5,0xB6BD,0xB6BD,0x95BD,0x95B5,0x75B5,0x95B5,0x95B5,0x95B5,0x95B5,0x95B5,0x95B5,0x95B5,0x95B5,0x95B5,0x95B5,0x95B5,0x95B5,0x95B5,0x95B5,0x95B5,0x95B5,0x95B5,0x95B5,0x95B5,0x95B5,0x95B5,0x95B5,0x95B5,0x75B5,0x75B5,0x75B5,0x75AD,0x54AD,0x54AD,0x54AD,0x54AD,0x54AD,0x55AD,0x75B5,0x75B5,0x95B5,0x75B5,0x95B5,0x95B5,0x95B5,0x95BD,0x95B5,0x95B5,0xB5BD,0x95BD,0xB6BD,0xB6BD,0xB6BD,
};
